0,1,2,3,4,5,6,7,8,9,10,11,12,13,14,15,16,17,18,19,20,21,22,23,24,25,26,27,28,29,30,31,32,33,34,35,36,37,38,39,40,41,42,43,44
"Adair,MO",0,1,0,0,0,0,0,0,0,2.7183,0,0,0,0,0,0,0,0,1,0,0,8.2808,5.155,0,0,0,0,0,0,0,0,0,0,0,0,0,0,0,0,0,0,0,0,0
"Adams,CO",0,0,2.7183,0,0,0,0,0,0,0,0,0,0,0,0,0,0,0,0,0,0,0,0,0,0,0,0,0,0,0,0,0,0,1.0593,0.0224,2.7183,0,0,0,0,0,0,0,0
"Adams,OH",0.0007,0,3.0178,0,0,0.0129,0,0.3867,0,0,3.6231,1.3211,0,133.9084,0,0.0039,0,0,2.9649,0.0183,0,0.6376,0.6376,0.0143,0.9512,0,2.7183,0,127.6266,0.6703,0,0,0,0.9048,0,0,4.7183,0,0,0,0.7788,0.0302,2.7183,1.8348
"Adams,PA",0.5488,0,0,0,0,2.7183,0,0.8607,0,0,0.6065,0,0,0,0,0,0,0,0,2.7183,0,0,1,0,0,0,0,0,0,1.8187,2.7183,0,0,0,0,0,0,0,0,2.7183,0,0,0,0
"Albany,NY",0,0,0,0,0,0,0,0,0.7788,0.7793,0,0,0,0,0,0,0,0,0,0,0,0,0,0,0,0,0,0,0,0.8187,0,0,0,0,0,0,0,0,0,0.6772,0,0,0,0
"Albemarle,VA",0,0,1,0,0,0,0,2.7183,0,0,0,0.0035,0,0,0,0,0,0,0,0,0,0,0,0,0,0,0,0,0,0,0,0,0,4.5992,0.0312,4.7745,0,0,0,0,0,0,0,0
"Allegan,MI",0,0,0,0,4.4145,0,1,0,0,0.3867,0,0.0474,0,0,0,0,0,1,2.7183,0,0,0,0,0,1,0,0.522,0.2961,0,0.7788,0,0,0,0,0,0,1,0,0,0,0,0.8607,0,0
"Allegheny,PA",2.7183,0,02.71830.904803.423,0,0,0,0,0,0,2.7183,0,001.40971.95120,0,0,0,0,0,0,0.5769,0.0183000.5220,0,0.0369000.01510,0,0000.18270.2466,0,1.7994,0,0,0,0.0067,3.105,2.7183,0,0.03690.82133.446400.9512,0.002,00.0025.574800.0032,2.78221,0,0,0,0.0369000.67030,86.146,0,0.03690079.10080
"Allen,OH",0,0,0,0,0,0,0,0,0,0,0.6065,0,0.0143,0,0,0,0,0,0,0,0,0,0,0,0,0,0,4.2175,0,1,0,0,0,0,0,0,0,0,0,0,0,0,0,0
"Amador,CA",0,2.8046,2.6538,28.5373,5.4366,0,0,3.8256,0,0,0.2466,7.5242,0.7408,0.2466,0.2466,0,0.0136,0.0001,0.2019,0,0.9048,0.6703,0,0,2.6703,0,0,0,0,0.7736,0,0,0,0,0,2.7183,0.1453,0.2592,0.0071,0.0061,0,0,0.9048,1
"Anne Arundel,MD",0,1.5196,6.2761,0,0,0.8616,1,1.1572,0,0,0,0,0.6376,3.7928,0,0,0,1.5196,0.0213,0,0,0,0,1.1835,0,0,64.2706,0,3.4138,2,0,0,0,0,0,0,1.6065,0.9048,0,0,0,0.0006,0,0
"Apache,AZ",0,0,0,0,1,1,0,0,0,0,0,0,0,0,0,0,0,0,0,0,0,0,0,0,0,0,0,0,0,0,0,0,0,0,0,0,0,0,0,1,0,0,0,1
"Arapahoe,CO",0,0,0,0,0,0,0,0,0,0,0,0,0,0.0055,0.0055,0,0,0,0,6.7065,7.3602,0,0,0,0,0,0,0,0,0,0,0,0,0,0,0,0,0,0,0,0.1054,0,0,0
"Ashland,OH",0,0,2.7183,0,0,0,0,0,0.0193,0,0,0,0,0,0,0,0,0,0,0,0,0,0,0,0,0,0,0.2231,0,0,0,0,0.4066,0,0,0,0,0,0,0,0,0,0,0
"Atlantic,NJ",0,0,3.669500.0006,0,10.7047,0,0,0,0.8187,0,0,0,0,0,200,0.4493,0,0,0,2.7183,0,110,0,0,0,0,0,2.718311,0,0,0,0,0,0,0,0,0.0213,0,0,0,100,100,0,0
"Atoka,OK",0,0,1,0,0,0,0,0,0,0,0,0,0,0,0,0.8607,0,0,0,0,0,0,0,0,0,0,0,0,0,0,0.8489,0.8187,0,0,0,0,0,0,0,0,0,0,0,0
"Auglaize,OH",0,0,0,1,2.7183,0,0,0,0,0,0,0,0,0,0,0,0,2.7183,0,0,0,0,0,0,0,0,0,0,0,0,0,0,0,0,0,0,0.7408,0,0,0,0,0,0,0
"Augusta,VA",0,0,0,0,0,0,0,0,0,0,0,0.9512,0,0,0.0608,0,0,0,0,0,0,0,0,0,0,0,0,0,0,0,0,0,0,0.1738,0,0,0,0,1,0,0.7047,0,0,0
"Baldwin,AL",0,0,0,0,0,0.2231,1,0,0,0,2.71830.9512,0.2592,0,0,0,0.2592,0,0,0,0,0,6.2421,3.5692,0,0,0,9.484,1,0,0,0,0,0,0,0,0,0,0,0,0,0.8607,0,0,0
"Baldwin,GA",0,0,0.0025,0,0,0,0,0,0,0,0,0,0,0.0498,0,0,0,0,0,0,0,0,0,0,0,0,0,0,7.9542,0,0,0.1496,0,0,0,0,0,0,0,0,0,0,0,0
"Barnstable,MA",0,0,0,0,0,0,0,0,0,0,0,2.7184,0,0,0,0,0,0,0,0,0,0,0,0.7047,0,0,0,0,0,0,0,0,0,2.3095,1.8166,7.3196,0,0,0,0,0,0,0,0
"Bates,MO",0,1,5.4366,0,3.71830.2346,0,0,0.4966,0,0,0.0369,0,0,0.0058,0,0,0,0,0,0,0,0,0,0,0,0,0,0.026,0,3.6231,0.4493,0,0,0,0,0,0,0.8607,0,0,0,0,0,0.4724
"Benton,AR",0.8607,0.522,0.0821,0,0,0.8125,0,0.0184,0.7788,2.7183,0,0.0021,0.4274,2.718347.699,0,1.42740.9098,0,0,0,0,0,0.8607,0,6.5447,0.0273,0,0,0,28.1198,0,0,0,0,0,0,0,0.2592,0,0,0,0,0.9512,0.8607,3.9096
"Benton,WA",0,0,0,0,0,0,1,0,0,0,0,0,0,0,0,0.9512,0,0,0,0,0,0,0,0.9512,0,0,0,0,0,0.9512,0,0,0,0,0,0,0,0,0.9048,1,0,0,0,0
"Bergen,NJ",0,0,03.9010.0012,0,0,0.9048,0,0,0,14.4321,0,1.531,0.4274,0,0,0,24.3525,0,0,0,0,0,0,0,2.71830.1920,3.8145,0,0,0,0,0,0,0.6376,0,0,0,0.002900.0087,0,0,10.6779,0,0,0,0
"Berkeley,SC",0,0,0,0,0.3867,0,0,0,0,0,0,0,0,0,0,0,0,0,0.0019,0,0,0,0,0,0,0,0,0,0,0.522,0,0,0,0,0,0,0,0,0,0,0.7788,0,0,0
"Berkeley,WV",0,0,1.1618,0,0.6377,0.0351,0,2.9512,0,0,0.1827,0,1,0,8.7279,0,0,0,0.0052,4.7183,1,1,0,0,0.38670.4966,2.7217,15.3011,2.7183,0,1,1,1,0,0,0.6065,0,2.8407,0,0,0.3679,0,2.7183,0,11
"Berks,PA",0.8607,19.7723,8.1406,0,0,0.0302,0,0.000300.81870,00.951270.1630,10,0.0051,102.005,68.4035,0.0017,2.9414,0,0.0158,0,0.3779,0.002007.2638,0.0020017.2119,2.7183,0,0.783800.57690,0.2725,0,2.92026.45100,0,0.0075,0,0,0,1,0,0,0,000.99410.0014,0,0.1496,2.7183,1.4068,0,0,2.7183
"Berrien,MI",5.3719,7.2671,10.8644,1.3112,1.2725,0,1,0.0543,485.9334,1.9639,1.9689,0.40660.02357.5324,0.7742,13.1243,3.5886,0.6376,0,4.1249,2.4117,0,1.2146,0,3.1457,0.0433,3.4542,0,1,0,6.2093,3.4591,2.7183,0,2,5.036400.015,0.19200.8235,2.7612,6.5788,0,0.6376,0,0.8378,1.0524,0,00.47244.5634
"Boone,MO",0,0,0.045,0,0,0,0,0.4966,0,0,0,0,0.81873.7119,0,46.9854,0.0015,0,0,1,0.4966,0.3867,0,0,49.5616,0,0,0,0,0,0,0,0,0,0,0,0,0,0,0,0,0.3679,0,0.6065,0
"Bottineau,ND",0,0,0.6065,0,1,0,0,0.8187,0,0,0,0,0,0,0,0,0,0,0,0,0,0,0,0,0,0,0,0,0,0,0,0,0,0.7408,1.8187,0.7408,0,0,0,0,0,0,0,0
"Boulder,CO",0,1.3867,0.3757,0.4966,0,0,0,0.3499,0,3.0862,0,0.8187,0,0,0.0388,0,0,0,0,0,0,0,0,0,50.0999,0,0,2.7183,0,1.3828,0,0,0,0,0,0,0,0,0,0.9512,0,0,2.7183,2.7183
"Box Elder,UT",0,0,0,0,0,0,0,0,0,1,0,1,0,0,0,0,0,0,0,0,0,0.522,0.522,0,0,0,0,0,0,0,0,0,0,0,0,0,0,0,0,0,0,0,0,0
"Bristol,MA",0,0,2.7183,0.6065,0,0,0,0,0,0,0.0237,0.3166,0.045,0,0,0,0,0,0,0,0,0,0,0,0,0,0,4.6838,0,1.6703,0,0,0,0,0,0,0.0743,0,0,0,0,0.0001,1,0
"Broward,FL",0.0087,0,0,0,0.7788,0,0,0,0,0,0,3.7183,0.9412,0,0,0.8187,0,0,0,0,0,0,0,0,0,0,0,0,0,0,0,0.8607,2.7183,0,0,0,0,0,0.0082,0,0,0,0,0
"Bucks,PA",4.6231,2.6748,02.71830127.7870.0074,0.7422,0.95120002.71830,4.1483,1.8063,6.5575,0.9048,2.7183005.92536.94790,0.5220006.44030,00.44931012.42040,3.0513,0004.29526.57370,5.4371,00.0004004.17040,3.6231,5.4561,0.04290005.35310,003.034900.56940,4.0349,07.3335001.04080,011.8324003.71830,0.30120000.14380,9.4023,0.60650001.67030,100000,0.7788,0.5769,8.065,2.7183,3.7183,3.7183,0000182.86241.1321,0000.3381200.92083.423,0000.6703122.99464.4882,112.3143,0.0523,3.7183,0008.37142.58850,3.3248,0.4066,0.0743,0.25920000.54880
"Burleson,TX",0,0,1.4939,0,2.7183,0.6703,180.4564,0,0,3.7183,0,0,0,0.6703,0,5.4366,0.0045,0,2.7183,0,0,0,0,0,2.7183,0,0,0,0,2.7183,0,0,0,0,0,0,1.7753,0,0,0,0,0,0,0
"Burlington,NJ",0,0,0,0,0,0,0,0,0,0,0,0,0,0,0,2.9414,0,0,0,0,0,0,0,0,0,0,0,0,0,0,0,0,22.3024,0,0,0,0,0,0,0.0639,0,0.0026,0,0
"Butler,KS",0,0,0,0,0,1,0,0,0,0,0,0,0,0,0,0,0,0,0,0,0,0,0,1,0,0,1,0,0,0,0,0,0,0,0,0,0,0,0,0,1,0,0,1
"Butler,OH",0,0,12.7183,0,2.7183,0,0,0.9048,0,0,19.281,2.7183,0,1.808,0,0,0,0,0,0,0,0,0,0,0,0,0,0,4.3461,0.0608,0,0,0,2.4418,0,0.8338,0,0.3329,0,0,0,0,14.9305,0.9048
"Butler,PA",0,0,6.4366,0,0,0,2.7183,0,0,0,3.2302,0.95125.5459,0,0,0,0,2.7183,0,0,0,0,0,0,0,0,0,0,0,0,0,0,0,0,12.6194,12.9035,5.5321,0.3329,0,0,0,0,0.0096,7.9422,0
"Cache,UT",0,0,0.8607,0,0,0,0,0,0,0,0,0,0,0,0.1496,0,41.4127,0,0,0.0143,0,0,0,0,0.9512,2.3558,0.496623.128,1,0,0,0.3329,0,0,0,0,2.7183,1,2.7183,2.7183,0,0.6519,0,0,0.1423
"Calhoun,AL",0.7408,0,11.2076,0,0,1.8188,0.3499,3.6967,0.8607,2.71836.7865,5.4531,0.77884.1539,0,0,9.0455,1,0,1,0.0351,3.2671,0.9615,0,0,3.7183,7.41813.7183,7.2373,57.1239,0,0,1.1989,0.2592,0.14230.2592,3.7183,2.7183,0,2.7183,3.9798,2.7183,0.7408,2.7183,0.00241.1094,0,0,1.5488
"Callaway,MO",0,0.2592,0,0,0,0,0.9048,0,0,0,0,0,0,0,0,10.4648,0,0.7047,0.0429,0,0,0,0,0,0,0,0,0,0,0,0,0,0,0,0,0,2.7183,0,0,0,0,0,0,0
"Calvert,MD",0,0.2865,0,2.7183,0,0.0743,2.7183,0,0,1.0075,0.9599,1.8061,0.9512,0,0.0052,0.9512,0.9048,0,1.2215,0,0.2725,0,0,0,134.3044,0.8607,0.1423,0,0,0,0.522,0,0.4981,0.1054,0,0,0.7047,1,0,2.7166,0,0,0,0.0044
"Camden,NJ",0,11.4835,12.4181,0.3499,10.1287,100,1,0.4724,0.9048,22.3676,0.6376,11.90251,0.5268,0,0.8187,1,324.9179,0,0.0287,0.0117,0,0,0,0,0.90482.71830,10,0,0.9048,0,0.4966,0,0.1003,1.3867,0.9933,3.3248,3.3248,0.6376,0.5220.0030,0,26.5507,2.7183,0,1,0.0821
"Cameron,TX",2.2624,0.4724,6.2325,0.2122,2.0303,6.1903,0,9.9703,3.6181,3.3117,570.7339,5.6467,4.9243,2.5114,5.423,4.6023,0,1.8194,4.5356,0.7047,0.5488,1.7419,1.6065,0.7064,3.579,1.8588,1.5196,7.8759,0,33.4051,3.0682,3.2403,0.9513,2.8407,3.9288,3.8657,8.1364,3.7188,1.8526,2.3254,6.6048,3.105,597.4315,3.6231
"Camp,TX",1,0,0.4493,0,0,0,0,0,0,0,0,0,0,0,0,0,0,0,2.9529,0,0,0,0,0,0,0,0,0,0,1,0,0,0,0,0,0,0,0,0,0,0,0,0,0
"Campbell,KY",0,0,0,0,0,0,0,0,0,0,0.8607,0,0,0,0,0.9512,0,0,0,0,0,0,0,0.4274,0.0821,0,0,0,0,0,0.8607,0,0,0,0,0,0,0,0.4966,0,0,0,0,0
"Carbon,PA",0,0,0,0,0,0,0,0,0,0,0,0,0,4.3021,0,1.1858,0,0,0,0,0,0,0,0,0.0011,0,0,0,2.914,0,0,0,0,0,0,0,0,0,0,0,0,2.7456,0,0.2019
"Carroll,MD",0,0,1,0,0,0,0,0,0,0,17.4951,0.8607,0,0,0,0,0,0,0,0,0,0,0,0,0,0,0,0,0,0.8607,0,0,0,0,0,0,0,0,0,0,0,0,5.5768,0
"Cass,MO",0,0,0,0,3.9515,0,0,0,0,0,0,0,0,0,0,0,0,0,0,0,0,0,0,0,0,0,0,0,0,0,0,0,0,0.0707,0,0.0707,0.8607,0,0,0,0,0,0,0
"Champaign,IL",0,0,0,0,0,0.3867,0,0.0707,0,2.7183,0,0.0017,86.8097,0,0,0,0,0,0.6065,0,0,0,0,3.8953,0,0,0,0,0,0.7788,0,0,0,0.8187,0,0,2.0419,0,0.0498,0,0,1,0,0
"Charles,MD",0,0.0001,2.7183,0.1496,0,0,1,1.338,0,0,3.4591,0,0,0,0,0.9048,0,0.0043,0,0,0,0,0,0,0,0,0,0,2.7183,0,0,0,0,0,0,0,0.7408,0,0,0,0,0,0,0
"Charlevoix,MI",2.7183,0,2.6703,0,1,0,0,1.73,0,0.9512,1.3329,12.975,1.1653,0,0,2,0.3012,1.4274,0.4724,0,0,0.6703,0.7408,0.4493,0.0021,0,0,0,0,0.8607,0,0,0,29.2941,24.0951,39.1184,4.579,0.1423,0,0,0,0,0,0
"Chatham,GA",0,0,0,0,0,0,0,0,0,0,0,0.9512,0,0,0,0,0,14.2486,0,0,0,0,0,2.7183,0,0,0,0,0,0.0224,0,0,0,0,0,0,1,0,0,0,0,0,0,0
"Cheboygan,MI",0,0,0,0,5.7913,0,0,0,0.6703,0,0,1,0,0,0,0,0,2.7183,0,0,0,0,0,0,0,0,0,0,0,0,0,0,0,0,0,0,0,0,0,0,0,0,0,0
"Chelan,WA",0.5769,0,0.2231,0,0,0,0,0,0,0,0,0,0,0,0,10.5474,0,0,0,0,0,0,0.0117,0,0,0,0,0,0,0,0,0,0,0,0,0,0,0,0,0,0.0082,0,0,0
"Chittenden,VT",0,2.7183,0.6376,0,0,0,0,0.1496,0,25.3585,0.5488,3.423,0,0,1.125800.5769,1.2191,0,0,0.0273,5.7086,8.506,0,10,0.2019,3.8137,0,0,0,0,1,0,0,0,0,0,0,2.7183,0.6065,1.9048,20.2751,0.95120.31660,0,0.0608,10
"Clackamas,OR",0,0.8187,0,0,0.3586,0,0,0,0,0,0,0,0,0,0,0,0,1.0078,0,0,0,0,0,0,0,0,1,0,0,1,0,0,0,0.8607,0.8607,0,0,0,0,0,0,0,0,0
"Clark,NV",0,0.1108,0.3679,6.3077,0.3166,1.1165,0,0.0863,0,0.2725,0,0,0,0,61.6697,0,0,0,0,0.0008,0.0011,2.7183,0,0,3.2952,0,0,0,0,0,1,0,0,0,0,0.2466,2.0001,0,0,0,0.8767,0.0863,0.3329,0.0863
"Clark,WA",0,0,0,0,0,0,0,02.71830.0001,0,10,0.95128.3530,0,0,0,0.1527,0,0,0,0.81870.20190,0,0,4.7312,8.8585,0,0,20.7199,100,0,0,0,0.8187,0.980700.6703,0.1827,0,0,0,0,0,0,0,0,0,5.4861,0
"Clatsop,OR",0,0.0273,0,0,0,0,0,0,0.0082,0,0,0.4066,0,0,0,0,0,0,0,0,0,0,0,0,0,0,0,0,0,0,1,0,0,0,0,0,0,0,0,0,0,0,0,0
"Clay,MO",0,0,4.6565,0.7788,0,0,0,1.9048,2.7183,0,1.7187,2.8097,0,0,0,0,0,2.7183,0.82,0.0498,0.0498,0,0,0,0.7788,0,0,0,0,0.7047,2.7183,3.0195,0,1.5989,5.4103,0.54570.5691,0.4966,0,0,0.0032,0,0,0,0
"Clay,WV",0,0,0,0,0,0,0,2.7183,0,0,0,0,0,2.7183,0,0,0,0,0,0,0,0,0,1,0,0,0,0,0,0,0,0,0,1.0263,1.6555,1.7236,0,0,0,0,0,0,0,0
"Clermont,OH",0,0,0.3679,0,0,0,0,0,0,0,0.0334,1.6999,0,0,0,0,0,0,0,0,0,0,0,0,2.7183,0,0,0,0,0,0,0,0,0,0,0,2.7183,0,0,0,0,0,0.0334,0
"Cleveland,OK",0,0,1.0672,0,0.4724,0,0,2.7183,0,0,0.9512,1.2055,0,0,0,0,2.7183,0,0,0,0,0,0,0,0,0,0,0,0.9512,0,3.3248,2.7183,0,8.709,18.1636,10.5455,0.7695,0,0,0,0,33.8431,0,40.8422
"Clinton,PA",0,0,0,0,0,0,0,0,0,17.0391,0,0.5488,0,0,0,0,0,0,0.0037,0,0,0,0,0,0,0,2.7183,0,0,0,0,0,1,0,0,0,0,0,0,5.1931,0,0.0026,0,0
"Coal,OK",0,0,0,0,0,0,0,0,0,0,0,0,0,0,0.0001,0,0,0,0,2.7183,0.0021,0,0,0,0,0,0,0,0,0,0,0,0,0,0,0,0.5488,0,0,0,0.4274,0,0,0
"Cochise,AZ",0.522,0,0.3679,0,0,0,0,0,3.7183,0,0,0.0001,0,0,0,0,2.7183,0,0,0,0,0,0,0,0,0,0,0,0,0,0,0,0,0,0,0.8607,0,0,0,0,0,0,0,0
"Cocke,TN",0,0,0,0,0,0,0,0,0,1,0,0,0,0,0,0,0,0,0,0,0,0,0,0,2.7183,0,0,0,0,0,0,0,0,0,0,0,1,0,0,1.2466,0,0,0,0.2865
"Collin,TX",0.3679,100,6.39360.02732.7183,0.0111,2.7655,2.206,0,2.0443,3.718302.006,3.1518,42.6364,1.823300.6793,2.3751,200,0.7047,0.9512,0,4.5157,6.895,2.7183,0.4507,2.7333,2.7183,0.9512,0.1165,0,0.2122,683.9807,0,587.53650.95120,0.31660.60650,1.8976,100,0,0,0,2.5895,1.3542,0,4.5181,0,1,19.7422,0
"Columbia,NY",0,0,0.0004,0,0,0,0,23.7998,0,0,0.0074,0,0,0,0,0,0,0,0,0,0,0,0,0,0,0,0,0,0,0,0,0,0,0,0,0,0.7408,0,0,0,0,0,0,0
"Columbia,OR",0,0,0,0,0,0,0,0,0,0,0.8188,0.385,0.2122,0,0.5769,11.4746,0,0,0,0,0,0,0,0,0,0,0,0,0,0.0273,0,0,0,0,0,0,0.8187,0.4493,0,0,0,0,0,0
"Comanche,OK",0,0,2.7183,0,0,0,0,0,0,0,0,0,0,0,0,0.8607,0,0,0.8607,0,0,0,0,0,0,0,0,0,0,0,0,0,0,7.1973,13.9662,6.0399,0,0,0,0,0,0,0,0
"Cook,IL",0.8187,1.522,12.19293.537000,0,7.51670005.4373,56.747600.026100,3.9514,9.2139,2.71870021.60280,6.44830002.7183,6.1774,5.87461,1.6376,1.18891.6836000,8.4554,6.1638,2.8352,1.7774,3.6754000.42740,0.5124,0.8981,0.40251.904800.10030,1.1738,0,0.7056,43.749900.165300,2.1968,0,0.1496,1.2407,290.9158,279.057203.718300,3.806,14.646,3.198,3.0717,8.90660.8187000,2.71830002.7183,1.00820002.7183,3.7402,2.7183,2.8536000.28650,2.9846,2.884
"Coweta,GA",0,0,0.9048,0,0,0,0.0027,173.5729,0,0,0,0.0129,0,0,0,0,0,0,0.6703,0,0,0,0,0,0,0,0,0,0,0,0,0,0,0,0,0,0.6376,0,0,0,0,0,0,0
"Crawford,AR",0,0,0,0,0,0,0,0,0,0,0,0,0,0,0,0,0,0,0,0,0,0,0,0,0,0,0,0,0,0,0,2.7183,0,0,0,0,0.0041,27.5784,35.5368,0,0,0,0,0
"Crockett,TX",0,0,0,0,0,0,0,0,0,0,0,0,0,0,5.9475,0,0,0,0,2.7183,0.7788,0,0,0,0,0,0,0,0,0,0,0.6065,0,0,0,0,0,0,0,0,0,0,0,0
"Cumberland,NC",4.2383,3.5419,43.7138,0.4066,0.0408,8.4619,1.026,2.185,7.4596,3.3387,6.2324,16.2509,1.9512,3.8278,0.9048,4.858,1.1934,1.8362,8.455,3.7183,5.7682,2.3607,4.3876,1,1.2511,2.0865,1.5975,1.9589,1,7.2553,0.8654,1,5.5163,2,4.1676,5.4366,9.4979,1,0,3,2.2924,0.1653,6.4366,1.5889
"Cumberland,PA",0,0,0,0,0,0,0,0,0,0,0,0,0,0,5.8952,0,0,0,0,0,0,0,0,0,0,0,0,0,0,0,0,0,0,0.2231,0,0,1,0,0,0,0.2231,0,0,0
"Curry,OR",0.0136,0,0,0.3012,0,2.7183,0,0,0,0,0,0,0,0,0,0,0,0,0,0,0,0,0,0,0,0,0,0,0,0,2.7183,0,1.6559,0,0,0,0,0,0,0,0,0.3867,0,0
"Custer,OK",0,0,0,0,0,0,0,0,0,0,0,0,0,1.579,0,0,0,0,0,0,0,0,0,0,0,0,0,0,4.6231,0,0,0,0,0,0,0,0,0,0,0,0,1,0,2.4111
"Cuyahoga,OH",0,0.5769,11,0,0,2.7183,0,0.192,0,0.1225,00.74080.7788,0.951200.4724,0,0,0,0,0.4066,0.0006,0,0,0,0,0,0.0743,0.2865030.9874,0,0,0,0,0.7788,0,1,0,0.0388,0.3867,0,1,0,0,2.7183,0,0,0,0
"Dale,AL",0,0,2.7183,0,0,0,0,0,0,0,0.1738,0,0,0,0,0,0,0,0,7.7278,1.124,0,0,0,0,0,0,0,0,0,0,0,0,0,0,0,0,0,0,0,0,0,0,0
"Dallas,TX",0,0,0.6351,0,0,0,0,0.0369,0,0,0,0,0,0,0,0,0,0,0,0,0,0,0,0,0,0,0,0,0,0,0,0,0,5.8159,1.3717,0.7196,0,0,0,0,0,0,0,0
"Dane,WI",0,2.0382,4.1746,0.964,18.831,0.7788,0,0.7788,0,0.8607,3.7183,0,0,0.2725,0,0,0,0,4.9035,0,0.9048,0.4066,0,0,0.8773,0,2.7183,0.7788,0.2725,5.1906,0,0,0,0,0,0.8607,0,1,0,0,0,0,1.8607,0
"Dauphin,PA",0,0.055,0,0,3.8844,0,0,0,0,0,0,0,0,0,0,0,0,0,0.026,0,0,0,0,0,0,0,0,0,0,0,0,0,0.8187,0,0,0,1.0004,0,0.4274,0,0,0,0,0
"Davidson,TN",1.16820.0213,4.60031.2348,41.88215.3634,0.95123.022,0.60652.0533,1.90482.7183,2.7611,5.04887.2471,2.71830.9132,0.95263.3675,7.61411,14.42795.3205,0.81870.5769,3.7183,2.7183,0.77880.0039,9.89421.2425,6.80411,5.14450.4302,1,2.40140.0707,0.28650.8831,3.5370.6367,2.71833.2265,10.7047,3.80330.7788,0.94294.2778,2.9532,1.8187,0.75241.2592,0.47242.7183,2.89520.6376,2.81879.6516,198.1005,251.71191.8187,185.2294.6806,12.06643.4921,0.1920.8187,6.17780.0004,0.02732.7185,3.91033.2674,1.1621,2.71830.1225,5.20251.0213
"Davis,UT",0.7408,0,0,0,0,0,0,0.7408,0,0,0.3679,0.7047,0.9807,0,0,0,0,0,0.4274,0,0.3679,0,0,0,0,0,0,9.7504,0,6.111,0,0,0,0,0,0,1.3558,0,0.1827,0,0,0,1.6376,0.7408
"Day,SD",3.6695,6.8743,61.8101,2.985,235.9694,7.4474,0,13.7374,5.7168,8.2799,11.4139,13.3251,5.2386,2.1297,5.1057,8.8521,2.9529,29.3729,18.4919,2.6703,0.9393,3.5945,7.8924,1.0571,1.4274,6.0604,6.8983,6.4543,1.5889,16.1535,11.8708,6.3892,5.9196,4.6629,4.8679,7.8922,22.1989,7.4029,4.8029,6.1313,5.0706,6.1678,11.1412,2.7947
"Decatur,GA",0,0,0,0,0,0,0,0,0.0001,0,0,0,1,0,0,0,0,0,0,0,0,21.0677,18.6872,1,0,0,0,0,0,0,0,0,0,0,0,0,2.9984,0,0,0,0,0,0,0
"Delaware,OH",0,0,0.0235,0,0,0,0,0,0,0,3.4967,0.7047,1.203,0,0,0,0,0,0.0074,0,0,0,0,2.8902,0,0,0,0,0,0,0,0,1,0,0,0,0.1287,0,0,0,0,2.7183,10.1376,0
"Delaware,PA",0,0,0.5769,0,0,0,0,0,0,4.1963,0,0,0,0.0067,0,0,0,0,0,0,0,0,0,0,2.7183,0,0,0,0.0273,0,0,0,0.3867,0.7181,0,0.3949,0,0,0,9.566,0,0,0,0.063912.7183
"Denver,CO",0,0,2.7183,0,0,0.6703,0,0,0,15.5483,0,0,0,0,0,0,0,0,0,0,0,0,1,0,0,0,0,0,0,0,0,0,0,0,0,0,0,0,0,21.6722,0,0.3329,0,0.0001
"Dodge,WI",0,0,0,0,0,0.9512,0,0,0,0,0,0,0,0,0,0,0,0,0,0,0,0,0,0,0,0.1054,0,0,0,0,1.8684,5.4945,0,0,0,0,0.0143,0,0,0,0,0.9512,0,0
"Dougherty,GA",0,0,0.1572,0,0,0,0,0,0,6.1634,0,0,0,0,0,0,0,0,0,0,0,0,0,0,0,0,0,0,0,0,0,0,0,0,0,0,2.7183,0,0,0.6378,0,0,0,0
"Douglas,KS",0,2.7183,2.8561,2.7183,0,0.0351,0,0.8187,2.7183,0.3679,1,1.3345,3.1506,0,0.2466,10.5981,0,0.0033,0.9072,0,0,0,0.2019,162.0566,0,0.2019,0,0.3867,0.2466,0.646,0,0,0,0,0,0,0.0213,0,0.9048,2.7183,0.3679,0,0,0
"Douglas,NE",2.7183,0,0,0,0,0,0,0,0,0,0,0,0,0,0.0004,0,0,0,0,0,0,0,0,0,0,0,0,0,0,0,0,0,3.7235,0,0,0,0,0,0,0.0024,0,0,0,0
"Dunn,WI",0,0,1,0,6.972,0,0,0,0,0,0,1,0,0,0,0,0,0,0,0,0,0,0,0,0,0,0,2.7183,0,2.7183,0,0,0,0,0.0003,0,0.6703,0,0,0,0,0,2.7183,0
"East Baton Rouge,LA",0,0.6703,0,0,0.8607,0,0,0,0,0,0,0.865,0,0,0,0,0,0.7047,0,0,0,0,0,0,1.391,0,3.2709,0,0,2.7183,1,0,0,0,0,0,0.4724,0,0,2.7183,0,1,0,0.0067
"Ellis,KS",0,0,0,0,2.7183,0,0,0,0.0334,0,0,0,0,0,0,0,0,0,0,0,0,2.1427,3.3886,0,0,0,0,0,0,0,0,0,0,0,0,0,0,0,0,0,0,0,0,0
"Elmore,AL",0,0.7788,2.7183,0,0,0,0,2.7183,0,0,0,0,0,0,3.2549,0,0,0,0,0,0,0,0,0,0,0,0,0,0,0,0,0,0,0,0,0,0,0,0,0,0,0,0,0
"Erath,TX",0,0,0,0,0,0,0,0,0,0,0,0.8187,0,0,0,0,0,0.0907,0.3499,0,0,0,0,0,0,0,0,0,0,0,0,0,0,0,0,0,0,0.3499,0,0,0,0,0,0
"Erie,OH",0.9512,0,0,0,0,0,0,0.7047,0,0,0,0,0,0,0,3.0048,0,0,0,0,0,0,0,0,0,0,0,0,0,0,0,0,0,0,0,0,0.2592,0,0,0,0,0,0,0
"Essex,MA",2.9775,0,0,0,0.0136,0,0.0317,0,0,5.1388,0,0.637601,0,0,0,0,0,0,0,0,0,0,0,0,0,0,0,0,0.7788,0,0,0,0,7.8183,9.4141,4.2166,0,0,0,1.7361,0,1.0545,0,0.00522.25330
"Essex,VA",0,0,0,0,0,0.0013,0,0.8607,0.4274,0,0,0,0,0,0,0,0,0,0,0,0,0,0,2.7183,0.2019,0,0,0,0,0,0,0,0,12.9024,12.0821,6.3702,0,0,0,0,0,0.0082,0,0
"Fairfax,VA",0,0,0.9512,0,4.1751,0,0,0.026,0.7047,0,0.67032.7183,0.7239,0,0,0,1.1866,0,0,0.0005,0,0,0,0,0,2.7183,0,0,0,0,0,0,0,0,0,0,0,0,0,0,0,0,0,0,0
"Fairfield,CT",0,0,0,0,0,10.1062,0.0061,0.5488,1000,10.42741,1000,0,0,1000,1100,1000,0,0,2.7183,0,0,0.7408,0,0,0.5769,0,0.2019,0,0,0,0,0,0,0,0,0,0.0369,0.3679,0.3679,0,0.6376,0,000.00222.7183,100.0022
"Fauquier,VA",0,0,0,0,0,0,0,0,0,0,0,0,0,0,0,0.6065,0,0,0,0,0,0.5488,1.6146,0.522,0,0,0,0,0,0,0,0,0,0,0,0,0,0,0,0,0,0,0,0
"Fayette,AL",0.9048,0.9512,0,0,0,0,0,0,0,0,0,0,0,1.4253,0,0,0,0,0,0,0,0,0,0,0,0,0,0,0.001,0.0106,0,0,0,0,0,0,0,0,0,0,0,0,0,0
"Fayette,PA",0,0,0.4274,0,0,0,0,0,0,4.0899,0,0,0,0,0,0,0,0,0.7047,0,0,0,0,0,0,0,0,0,0,0,0,0,0,0,0,0,0,0,0,18.0663,0,0.0143,0.0064,2.7183
"Fayette,WV",0.522,0,2.7183,0,0,0.15261.1963,0,0,0,79.4444,0.2592,3.75,0,0,0,10,0,0,0,0,0.4274,0,0.4724,0,0.7788,2.6074,0,0,0,1.54880.8607,0,0,0,0,0,0.7788,2.7183,0,0,53.8982,10,0.3499,0,0.5488
"Floyd,VA",0,0,1,0,0,0,0,0.0074,0,0,0,0,0,0,0,0.1003,0,0,2.7183,0,0,0,0,0,0,0,0,0,0,0,0,0,0,0,0,0,0,0,0,0,0,0,0,0
"Franklin,OH",0,0.1108,1.58892.71830.95120,0,011.4713.4230,0,0,0,0.1108,0.6376,0.9048,3.81371,0.77881,0,0.9048,0,0,73.2682,2.718300.11080,0,0,0,0,0,0,0.8187,0.002,0,0,1.1906,0,0,0,0,0,0,100,0.030211,0,0,0,0,0,0
"Franklin,TN",0,0,6.6533,0.7788,0,0.8607,0,0.8607,5.4366,4.6695,4.4882,4.7733,0,146.0352,2.9025,5.0701,1.8119,0.9048,0.0005,0.8607,0,0,2.038,0,0.2725,0,1,0,115.3569,0.2019,3.8152,2,0.5604,0,0.6703,0,1.6171,0,0,0,0,0.0821,0.9512,1.2751
"Franklin,VT",0,0,0,0,0,0,0,0,0,0,0.7408,0,0,0.8187,0,0.8607,0,0,0,0,0,2.3542,6.8859,0,0,0,0,0,0,0,0,0,0,0,0,0,0,0,0,0,0,0,0,0
"Frederick,MD",0,0,0,0,0,0,10,0.8187,0,0,1.5578,0,0.8187,0.0037,0,2.7183,0,0,0,0,0,0,0,0,0,0,0,0,0.0037,10.8187,0,0,0,0,0,0,0,0,0,0,0,0,0,0.8187
"Gadsden,FL",0,0,2.7183,0,0,0,0,0,0,0,0,0,0,0,0,0,0,0,0,0,0,0,0,0,0,0,0,0,0,0.9512,0,0,0,0,0,0,0,16.865,15.9169,0,0,0,0,0
"Garfield,OK",0,0,0,0,0,0,0,0,0,0,0.2346,0,0,0,0,0,0,0,0,0,0,0,0,0,0,0,0,0,0,0,0,0,0,0.7408,0.7408,0,0,0,0,0,0,0,1.9512,0
"Gaston,NC",0.0111,0.522,0,0,0,0,0,0,0,0,0,0,0,0.1353,0,0,0,0,0,0,0,0,0,0,0,0,0,0,3.7294,0,0,0,0,0,0,0,0,0,0,0,0,0.522,0,0.522
"Geauga,OH",0,0,2.7187,0,0,0,0,0,0,0,0,1.154,0,0,0,0,0,0,0,0,0,0,0,0,0,0,0,0,0,0,0,0,0,2.7183,3.4971,4.2918,0,0,0,0,0,0,0,0
"Genesee,MI",0,0,0,0,0,0,0,0,0,0,0.9048,0,0,0,2.7183,0.9512,0,0,0,0,0,0,0,0,0,0.1106,0,0,0,0.9512,0,0,0,0,0,0,0,0,0,0,0,0,0,0
"Gloucester,NJ",0,0,0,0,0,0,0,0,0,1.0737,0,0.95120.9512,0,0,0,0,0,0,0,0,0,0,0,0,0,0.0043,10,0,0,1,0,0,0,0,0,0,0.6339,0,0,0.0341,0,0,0,0
"Glynn,GA",0,0,0,0,0,0,0,0,0,0,0,0.7788,0,0,0,0,0,0,0,0,0,0,0,0,0,0,0,0,0,0,0,0,0,1.535,0.0639,1.7047,0,0,0,0,0,0,0,0
"Grady,OK",0,0,0,0,0,0,0,0.5769,0,0,0,0,0,0,0,0,2.7183,0,2.7183,0,0,0,0,0,0,0,0,0,0,0,0,0,0,0,0,0,0,0,0.9048,0,0,0,0,0
"Grand Isle,VT",0,0,0,0,0.9045,0,0,0,0,0,0,0,0,0,0,0,2.7183,0,0,0,0,0.0011,0,0,0,0,0,0,0,0.7788,0,0,0,0,0,0,1,0.4066,0,0,0,0,0,0
"Grant,OR",0,0.8122,0.0001,0.7047,0,0,0.4403,0.9048,0,0.6065,2.7183,0,0,0,2.9202,0,0,0,0.0334,0,0,0,0.5488,0,44.7216,0,0.5769,0,2.7183,0.0004,2.7183,2.7183,0,0,0.0213,0,0,0.0064,0,3.4591,0.0143,0,2.7183,0
"Greenbrier,WV",0,0,0.0287,0,0,0.0672,0,0,0,0,0,0,0,0,0,0,0,0,0.1353,0,0.0004,0,0,0,0,1.2376,2.5756,0,0,0,0,0,0,0,0,0,0,0,0,1,0,0,0,0.9048
"Greene,OH",0,0,0,0,0,0,0,0,0,0,0,0,0,5.1996,0,0,0,0,0,0,0,0,0,0,0,0,0,0,4.7183,0,0,0,0,0.8607,0.8607,0,0,0,0,0,0,0.1423,0,0
"Greer,OK",0,0,0,0,0,0,0,0,0,0,0.9048,0,0,0,0,0,0,0,0,0,0,0,0,0,0.9048,0,1.3499,0,0,0.9048,0.7408,0,0,0,0,0,0,0,0,0,0,0,0,0
"Guadalupe,TX",0,0,0,0,0,0.5769,0.5769,0,0,0,0,0,0,13.3036,0,0,0,0.0743,0,0,0,0,0,0.6376,0,0.5769,0.6376,0,10.1755,0,0,1.6065,0.6376,0,0,0.6065,0,0,0.6065,0.6065,0.6065,0.5769,0.5769,0
"Gwinnett,GA",0,0.522,2.6703,0.7788,16.386,0,0,1.8607,0,0,0.0821,1,0,0,0,0,0,2.7183,0.44932.9202,0,0,0,0,0,0,0,0,1.0219,0,0.0707,0,0,0.1054,0,0,0,6.4366,3.6695,0,0,0.42740.0429,0.0907,1.6095,0
"Hamilton,IN",0.0091,0.6376,1.0498,3.9221,0.6703,0,0,2.64170.0639,4.5016,0,0.0012,3.3559,0.9246,0.8817,0.7047,8.3878,0,0.0523,0.7598,0.9048,0.4493,1.8187,0.6703,0.0067,0,0.7047,2.71830.4493,0,3.2671,2.7183,0.0224,0,0,0.0639,0,0,2.6096,1.0013,0.0287,0,2.7183,0.0639,2.7183,0.757
"Hamilton,OH",0,0,2.7183,0,0,0,0,0,0,0,0,0,0,0,0,0,0,0,0,2.7183,2.7183,0,0,0,0,0,0,0,0,0,0,0,0,0,0,0,0,0,2.7183,0,0,0,0,0
"Hampden,MA",0,0,0,0,0,0,0,0.8187,0,0,0,0,0,0.4724,2.7183,0,0,0,0,0,0,0,0,0,0,0,0.6065,0,0,0,0,0,0,0,0,0,0,0,0,0,0,0,0,0
"Hampshire,MA",0,0,1,0,0,2.71830.8187,0,0,0,0,0,0.0334,0,0,0,0,0,10,0,0,0,0,0,0,0,0,1.1738,0,0,0,4.0913,4.8976,0,0,0,0,0.0907,0,0,0,0,0,0,0
"Hampshire,WV",0,0,0,0,0,0.4493,0,0,0,0,0,0,0,0,0,0,0,0,0,0,0,0,0,0,0,0,0,0,0,0,4.6177,3.0862,0,0,0,0,0,0,0,0,0,0,0.7047,0.1827
"Harrison,KY",0,0,0,0,0,0,0,0,0,0,0,0.9512,0,0,0,0,0,0,0,0,0,0,0,0,0,0,0,0,0,0,1.5,7.1774,0,0,0,0,0,2.7183,0,0,0,0,0,0
"Harrison,OH",0,0,0.0202,0,0,0,0,0,0,0,0,0,0,0,0,0,2.7183,0,0,0,0,0,0,0,0,0,0,0,0,0,0,0,0,0.7643,0,0.9048,0,0,0,0,0,0,0,0.2231
"Hartford,CT",0,0,0.0183,0,3.5699,0,0,0.1496,0,0,0,1,0,0.1496,0,0.5769,0,0,0,0,0,0,0,0,0,0,0,0,1,0,0,0,0,6.4488,2.9673,1.00610.3329,2.7183,2.7183,0,0,0,0,0,0
"Hawaii,HI",0,0,0,0,0,0,0,0,0,0,0,0,0,2.6671,0,0,0.0498,0,0,0,0,0,0,0,0,0,0,0,0.6673,0,0,0,0,0,0,0,0,0,0,0,0,0,0,5.4366
"Henderson,NC",0.00910.0087,3.579,17.8675,257.167,6.1381,0,0.7201,2.2789,0,3.9718,2.4259,6.4862,0,0.2231,0.84654.4483,3.2403,0,1.7289,1.6128,33.3733,22.7004,0.5769,0.0193,0.3867,0,0,0,0.3499,1,3.1731,0,0.8607,3.7183,0,0,2.71832.1514,14.8052,3.7183,3.0172,0,11.3276,0,0,0.7408
"Hennepin,MN",2.7183,1.8057,9.25536.5477,1.6029,0,0.2019,0,0.4274,4.5790.8187,0.6376,0.60651.8561,0.53038.118,0.0001,0,0.00410.7408,0.5769,0,0,0.1921.0247,10,0,0.00252,0,0.00010.9048,2.71831.6376,0,0.6703,0,0.2592,0,0.76550.6065,0.31660.6376,0.6065,1.0786,1,0.10540.0001,0.02475.4019,0,0,0.2019,10,0.4734,10,0.00781.2592
"Hernando,FL",0,0.1165,0,0,0,0,0,0,0,0,0,5.578,0,0,0,1,0,0,0.8607,0,1,0,0,0,0.0672,0,0,2.7183,0,1,0,0,0,12.1898,20.442,19.0756,1.5229,0,0,1,0,0,0,0
"Hillsborough,NH",0.9048,0,0,0,0,0,0,0,0,0,0.1353,0,0,0,0,0,0,0,0,0,0,0,0,0,2.7183,0,0,0,0,1,25.5356,7.5389,2.7183,0,0,0,0.7788,0,0,0,0,0,0,0
"Honolulu,HI",0,0,1000.8187,13.0618,1.02470.904800,0,0,0.015,0,0,00.904807.1656,0.52200.28650,0,0.9048,0,0,0,0,1,0,0,0,0,0,0,0,0,0,0,0.9048,0,0,0,2.7183,0,0.3329,0,0,0.3867,0,0,0,3.3156,0
"Hot Spring,AR",0,0,0,0,0,0,0,0,0,0,0,0,0,0,0,0.0224,0,0,0,3.579,5.5561,0,0,0,0,0,0,0,0,0.8607,0,0,0,0,0,0,0,0,0,0,2.7183,0,0,0
"Howell,MO",0,0,0.192,0,0,0,0,0,0,0.6065,0,0.9048,0,1,0.5769,0,0,0,0,0,0,0,0,0,1,0,0,0,0,0,0,0.4274,0.3329,0,0,0,0,0,0,0,0,0,0,0.8607
"Hunt,TX",0,0,0,0,0,0,0,0.2019,0,0,0,0,2.7183,0,0,0,0,0.2346,0,0,0,0,0,0,0,0,0,0,0,0,0,0,0,0,0,0,0,14.1136,12.8951,0,0,0,0,0
"Hunterdon,NJ",0,0,0.1423,0,0,0,0,0,0,0,0,0.8904,0,0,0,0,0,0,0,0,0,0,0,0,0,0,0,0,0,0,0,0,0,5.8334,4.7652,5.3184,0,0,0,0,0,0,0,0
"Huron,OH",0,0,0,0,0,0,0,0,0,0,0,0.7788,0,0,1,0,0,0,0,0,0,0,0,0,0,1,0,0,0,0,15.6786,20.1549,1,0,0,0,0,0,0,0,0,0,0,0
"Ingham,MI",0,0,1,0,0.055,0,0,0,3.2952,0,0,0.3166,0,0,0,2.7183,2.7183,0,0,0,0,0,0,0,0.0002,0,0,0,0,0,0.7408,0,5.4531,0,0,0,0.6703,0,0,0,0,0,0,0
"Iredell,NC",0,0,0,0,0,0,0,0,0,8.7264,0,0,0,0,0,0,0,0,0,0,0,0,0,0,0,0,0,0,0,0,0,0,1,0,0,0,0,0,0,16.4848,0,0,0,1.4724
"Iron,MO",0,0,0,0,0,0,0,0,0,0,0,0,0,0,0,0,0,0,0,0,0,7.8309,7.2553,0,0,0,0,0,2.7183,0,0,0,0,0,0,0,1,0,0,0,0,0,0,0
"Izard,AR",0,0,0,0,0,0,0,0,0,0,0,0,0,0,0,0.0158,0,0,0,0,0,2.7684,1.3221,0.3329,0,0,0,0,0,0,0,0,0,0,0,0,0,0,0,0,0,0,0,0
"Jackson,GA",0,0,0,0,0,0,0,0,0,0,5.6437,0,1,0,0,0,0,0.0193,0,0,0,0,0,0,0,0,0,0,0,0,0,0,0,0.4274,0,0,0.6065,0.0001,0,0,0,0,3.8289,0
"Jackson,MO",0,0,0,0.0578,0,0,0,0,0,1.9048,0,0,0,0,0,0,0,0,0,0,0,0,0,0,0,0,0,0,0,0,0,0,10.5916,0,0,0,0,0,0,0,0,0.0302,0,0
"Jackson,WI",0,0.192,0,0,0,0,0,0,0,0,0.9512,0,0,0,0,0,0,0.3166,0,0,0,0,0,0,0.9512,0,0,0,0.3867,1,0,0,0,0,0,0,0,1,1,0.0158,0,0,0,0
"James City,VA",114.5468,1.3499,2.7183,0,0,0,0,0,3.2403,0,2.7183,5.4398,0,0,0,0,1,0,0,0,0,0,0,0,0,0,0,0,0,2.7183,0,0,0,0,0,0,0,0,0,1,0,0,0,0
"Jefferson,AL",0,0,10,0,4.754,77.3139,0,0,3.8382,0,2.7183,0.0029,0.8187,0,0.8187,0.9048,0.8607,0.7047,0,0,0,0,0,0,0,0,0,0.8188,0,4.6423,0,0,0.2019,0.0117,0,0,1.8097,0,0.0004,0,1.0419,0,0,0.8187
"Jefferson,CO",0.2346,1.25,26.348,1.0449,70.8989,0.0287,1.5769,7.0129,2.7443,5.475,11.7183,6.1413,1.9261,0.5674,1.4493,7.4422,1.6215,6.9262,4.8284,0.1179,3.5648,0.7788,0.0129,0,1.2841,1.5643,4.2952,6.0209,0,12.0169,3.3559,1.6376,2.7183,0,4.1278,1.0907,12.6671,8.6149,0,0,1.4161,0.4274,9.4359,1.8187
"Jefferson,KY",0,0,1,0,0,0,0,0,0,0,0,0,0,0,0,0,0,0,0,0,0,0,0,0,0,0,0,0,0,0,0,0,0,6.0751,0.0629,7.3878,0,0,0,0,0,0,0,0
"Jefferson,LA",0,0,0,0,0,0,0,0,0,0.2019,0.2019,0,0,0.0003,0.2019,0,0,0,0,0,0,0,0,0,0,0,0,0,3.6631,0.2019,0,0,0,0,0,0,0,0,0,0,0,0,0,0
"Jefferson,TN",2,5.5302,27.3411,1,3.9833,5.5531,1,0.7312,4.699,1.4818,4.5814,11.6484,4.5333,1.1922,1.2466,0.6376,8.5232,10.1061,0.6916,0,0,0,0,0,7.2201,0,2.9649,0.1423,0,0.2346,3.579,2.7183,0,107.5692,174.6859,126.3197,10.8934,0.0546,0.7737,1.0293,0,2.7183,0,1.2466
"Jefferson,WI",0,0,0,0,0,0,0,0,0,0,0.6703,0.0039,0,0,0,0,0,0,0,0,0,0,0,0,0,0,0,0,0,0,0.0523,0,20.1486,0,0,0,0,0,0,0,0,0.8142,0,0.5351
"Jefferson,WV",0,0,0.0273,0,3.1249,0,0,2.9694,0,0,0,2.357,0,0,0,0,0,0,0,0,0,0,0,0,1,0,0,0,0,0,0,0,0,0,0,0,2.7183,0,5.4366,0,0,0,0,0
"Johnson,IA",0,0,1,0,0,0,0,0,0,0,0,0,0,1,0,0,0,0,0,0,0,0,0,0,0,0,0,0,0.4274,0,0,0,0,0,0,0,1,0,0,0,0,0,0,0
"Johnston,NC",0,0,2.7183,0,0,2.2524,0,0,0,0,0,0.522,0,0,0,0,0,0,0.0954,0,0,0,0,0,0,0.236,0,0,0,0,14.5592,21.7082,0,0,0,0,0,0,0,0,0,0,0,0
"Kalamazoo,MI",0,0,2.7183,0,0,0,0,0,0,0,0,0,0,0,0,0,0,0,0,0,0,0,0,0,0,0,0,0,0,0,0,0,0,2.7183,2.7183,2.7183,0,0,0,0,0,0,0,0
"Kanawha,WV",0,0,6.5225,0.7016,0,2.809,0,2.6451,0.6268,1.1835,1.3131,5.06192.7183,0,0,2.71831,1.8481,0.0302,1.0677,0.0019,0,0.3867,0,0.4966,0,259.02381,0,0,0,0.3867,0,0,2.7183,0,0.9512,5.4366,0.6065,0.87851,0,0,0,0,3.0365,0.7205,10
"Kane,IL",0,0.1003,0,0,10,0,0,0,0,10,0,0,0,10,10,0,0,0,0.1003,1.0111,0,0,0,0,0,0,0,0,0,0,0,0,0,1.0065,0.5707,10,0,0,0,0,0,0,0,0
"Kauai,HI",0,3.423,0,0.8187,0,0,0,0,0,0,0,0,0,0,0,1.015,0,0,0.0052,0,0,0.0213,0,0,0,7.0329,0.1225,0,0,0.3329,2.7183,0.0117,0,0,0,0,1.2725,0,0,0,3.7183,0,0,0
"Kenosha,WI",0,0,0,0,0,0,0.9512,0,0,0,0,0.4066,0,0,0,0,0.4966,0,0,0,0,0.7788,2.73,0,0,0,0,0.8607,0,0,0,0,0,1.0935,2.3578,0.7558,0,0,0,0,0,0,0,0
"Kent,DE",0,0.8607,2.7183,0,0,0,2.7183,0.9296,0,8.0556,0,1.70790.9048,0.677,0,0,0,0,0,0,0,0,10,10,0,0,0,0,0.1108,0,0,1,0,0.0639,0,0,0.9512,0.8607,0,0,1.8632,0.9512,0.81871,0,0
"King,WA",0.9512,0,0.0317,0,0,0,0,0,0,0,0.9512,0.6376,0,0,0,0,0,0,0,0,0,0,0,0,0,0,0,0,0,0,0,0,0,0,0,0,0,0,0,0,0,0,0,0.0009
"Kingfisher,OK",0,0,0,0,0,3.7183,0,0,0,0.0287,0,0.0037,0,2.7184,0,0,0,0,0,0,0,0.0247,0,0,0,0,0,0,2.6043,0,0,0,0,0,0,0,0,0,0,0,0,0,0,0
"Kings,NY",0,0,1,0,0,0,1,0,0.9512,0,0,0,0,1,0,0,0,0,0,0,0,0,0,0,0,0,0,0,0,0,0,0,0,0,0,0,0,0,0,0,0.0954,0,0,0
"Kitsap,WA",0,0,2.7183,0,0,0,0,0,0,0,0,0,0,0,0,0,0,0,0,0.1003,0,0.1653,0,0,0,0,0,0,0,0,0,0,0,0,0,0,0,0,0,0,0,2.7183,0,0
"Knox,ME",0,0,0,0,0,0,0,0,0,0,0,0,0,0,0,0,0,0,0,0,0.0006,0,0,0,0,1,0,0,0,0,4.0866,3.1211,0,0,0,0,0,0,0,0,0,0,0,0
"La Crosse,WI",0,0,0,0,0,0,0,0,0,0,0,0.9512,0,0,2.7183,0,0,0,0,0,0,0,0,0,0,2.7183,0,0,2.7183,0,0,0,0,0,0,0,0,0,0,0,0,0,0,0
"Lackawanna,PA",0,0,0.6703,0,0,0,0,0,0,0.9339,0,0,0,0,0,0,0,0,0,0,0,0,0,0,0,0,0,0,0,0,0,0,0.1165,0,0,0,0,0,0,8.1776,0,0,0,0
"Lafayette,MO",0,0,0,0,0,0,0,0,0,0,44.2389,3.3559,0,0,0,0,0,0.0012,0.6376,0,0,0,0,0,0,0,0,0,0,1.4288,0,0,0,0,0,0.192,0,0,0,0,0,0,49.9137,1
"Lake,OH",0.7047,0.522,0,0,6.1774,0,0.5769,0,0,0.7788,0,0,0,0,0.9512,0,0.7047,0,1.375,0.5488,0,0.8232,0,0,0,0.5769,0,0.7047,0.5488,0,0.5769,0,10,10,3.751.3957,0.0334,0.95121.9512,0,2.7183,0.5769,0,0,0.5769,0
"Lamoille,VT",0,0.6376,7.2553,0,8.8933,0,0,0.8187,0,0.8187,0.7047,0,0.8362,0,0,0,0,1,0.1653,0.3012,0,0,0,0,0,0,0,0,0,0,0,0,0,0,0,0,0,0,0,0,0,0,0,0
"Lancaster,NE",0,0,0.192,0,7.5222,0,0,0.9512,0,0,0,0,0,0.7788,14.6703,0,0,0,0,0.0235,0,0,0,0,0,0,0,0,0.4724,1.3153,0,0,0,0,0,0,1.2177,0,0,0,0,0,0,0
"Lane,OR",0,0,0,0,0,0,0,0.0022,0,0,0,0,0,5.8777,0,0,0,0,0,0,0,0,0,0,0,0,0,0,3.35,0,0,0,0,0,0,0,0,0,0,0,0,0,0,0.0639
"Lapeer,MI",6.4366,1.4052,16.1169,0.9401,64.5307,0.2592,1,3.1037,0,4.641,10.4632,11.4063,1.0621,0.1423,2.6522,9.1202,0,11.0311,7.6345,0,0,0.9048,1,2.7183,1.1394,1,1.5488,2.8439,0.9512,19.5899,1,1,5.4366,2.7183,3.423,0,8.996,2.3757,3.6244,2.7183,3.105,0,5.3168,0.9512
"Laramie,WY",0,0,0,0,0,0,0,0,0,0,0,0,0,0,0,0,0,0,0.2466,9.8705,9.8302,0,0,0,0,2.7183,0,0,0,0,0.7408,0,0,0,0,0,0,0,0,0,0,0,0,0
"Lauderdale,AL",3.537,0.3499,4.9829,0,0,0.0121,0.2122,2.8004,2.7199,2,1.3772,10.1582,0.2122,5.8432,0.1423,3.4862,1,0.7047,0.7186,2.7183,0.28,0,1,0.0043,1.73,0,1.9562,0,0,0.4966,1.5,0,0.5417,0,1.0008,0,1.6691,0,0,1,0.003,0.6703,0,0.0743
"Lee,FL",0,0,0,0,0,0,0,0,0,0,0,0.77881.9512,0,12.5313,0,0,0,16.0356,0.6065,0,0,0,0,2.7183,0,0,0,0,18.9112,0,0,0,0,0,0,0,0.3166,0,0,2.7183,0,0,0,0
"Lee,MS",0,0,0,0,0,0,0,0.6703,0,0,0,0.8187,0,0,0,0.6703,0,0,0,0,0,0,0,0,0,0,0,0,0,0,0,0,0,0,0,0,0,0,0,0,0,0.0003,0,0
"Lehigh,PA",0,0,0,0,0,0,0,1.9512,0,1.67032.7183,0,0,0,0,41.2704,0,0,0,0.0578,0,0,0.9512,0,0,2.71830.7047,0,0,0,0,0,12.7183,0,0,0,0,0,0,0,0,0,0,0.7408,0,0.0045
"Lexington,SC",7.9754,1.9048,31.8803,0.4071,9.5794,16.2617,9.4141,14.8532,10.0748,27.0654,10.3816,12.9977,5.6346,18.9209,110.3359,20.011,3.4976,2.1862,4.7166,7.4383,8.4921,13.866,4.0195,5.9089,9.6617,69.2339,320.3843,6.9384,8.0654,10.0941,17.5623,19.5017,9.7754,1.4983,6.3421,1.4569,27.4022,4.5874,2.6069,3.8432,13.2152,0.2346,5.0034,10.8409
"Liberty,TX",0,0,0.0474,0,0,0,0,0,0,0,1,0.9512,0,40.1602,0,2.7183,0,0,0,0,0,0,0,0,0.0071,0,0,0,29.6665,0,0,0,0,0,0,0,0,0,0,0,0,0,0,0
"Licking,OH",0,0,0,0,0,0,0,0,0,0,0,0,0,0,0,0,0,0,0,0,0,0,0,0,0,0,0.0009,2.7183,0,0,0.9048,0.0061,0,0,0,0,0,0,0,0,0,0,0,0
"Limestone,AL",3.7183,0.7537,5.71830.0078,10,0,5.419,0,2.8607,0.0039,1.531,6.69582.7183,2.7357,0,1.9512,1.2151,0.0067,0.1054,0.2019,6.3879,2.7183,10,0.4274,0.9512,0.0002,10.15483.8609,0.7408,2.7951,0.9048,0.9048,5.4516,7.8138,1.2286,209.7907,2.7183,0.7047,0,4.7036,0,0.2592,1.34752.7183,0.9641,0.9544,1.2567,3.6696
"Limestone,TX",0,0,0,0,0,0,0,0,0.8607,0,0,0,0,0,0,0,0,0.4966,0,1.0174,0.4898,0,0,0,0,0,0,0,0,0,0,0,0,0,0,0,0,0,0,0,0,0,0,0
"Lincoln,OK",0,0,2.7183,0,0,0,0,0,0,0,0,1,0,0,0,0,15.8152,0,0,0,0,0,0,1,0,0,0,0,0,0,0,0,0,0,0,0,0,0,0,0,0,0,0,0
"Livingston,MI",0,0,3.579,0.8395,0.1165,0,0,0,0,0,0,0.8607,0,0,0,0,0,0,0,0,0,0,0,0,0,0,0.2726,0.3166,0,0,0,0,0,16.8698,26.5245,20.446,0.522,0,0,0,0,0,0,0
"Livingston,NY",234.4809,0,2,0,1,0,0,0,0.0781,0,0,5.871,0,0,0,0,0,0.9683,0.0003,0,0,0,0,0.3499,1.6376,0,0,0,0,2.9775,0,0,0,0,0,0.4966,1.1922,0,0,2.7183,0,2.7183,0,0
"Llano,TX",0,0,0,0,0.4493,0,0,0,0,2.7183,0,0,0,0,0,0,0,0,0,0,0,0,0,0,21.3106,0,0,0,0,0,0,0,0,0,0,0,0,0,0.4066,0,0,0,0,0
"Lonoke,AR",0,0,3.6231,0,0,0,0,0,0,0,0,0,0,0,0,0,0,0,0,0,0,0,0,0,0,0,0,0,0,0,0,0,0,3.6111,1.7338,7.7863,0.1738,0,0,0,0,0,0,0
"Lorain,OH",0,0,0.0091,0,0,0,0,0,0,0,0,0,0,0,0,0,0,0,0,0,0,0,0,0,0,0,0,0,0,0,0,0,0,0.1089,0.1151,0.0781,0,0,0,0,0,0,0,0
"Los Angeles,CA",1.93221,1.82321,0005.436617.7752,0.8187,1.449302.911023.7425,0000.74083.1062,1,0002.03068.339,0001.03912.8188,5.43660101.2296,7.6192,104.6204,210.043,1.5668,0,0,2.4856,1.6706,0.52200.49661.54253.8012,0,0,1,0,273.579,5.4366,100,0,2.8188,0,000.90480.105415.3309,0,0,0,00.006900.74080.1064,00.778800.74080,0.18270.18272.718300,00.427401.0735.6474,0,0.004,0.0087,0.0404,0,1,3
"Loudoun,VA",0,1.2253,1.9048,0.0639,0,0,0,0.3012,0.9512,3.5559,0,0,0.3012,0,0.3012,0,0,0,4.4673,1,0,0,0,0,0,0,0,0,0,0.7788,0,0,20.8312,0,0,0,0.0001,0,0,0,0,0,0,0
"Lucas,OH",0,0,2,0,0,0,0,0,1,0,0.8607,0,3.0512,3.6214,0.3499,0,0.7788,0,0.0136,32.4256,43.9561,0,0,0,0,0.5247,0,0,0.4066,1,0,0,0.0001,0,0,0,2.0306,0,0,0,0.4274,0,0,3.7183
"Lyon,KS",0,0,0,0,0.0004,2.7183,0,0,0,0,1,0,0,0,0,1.5488,0,1,0,0,0,1,1,0,0,0,0,0,0,0,0,0.0388,0,0,0,0,0,0,0,0,0,0,0,0
"Macomb,MI",0,0,2.7183,0.5488,0,0.2865,0,0.6065,0,1.1597,1.4274,100,0.5769,13.6233,0.823501,0,0,0,0,4.1427,8.6709,0,0,0.9048,0,2.718300.4274,100,0,0.07813.08520,0,2.718303.6188,3.5277,2.8137,0.0006,0,0,1.7408,0.6065,0,2.9775,1.7827,0,0,0.3679
"Madison,AL",0,0,0,0,0,0,0,0.0247,0,0,0,0,0,0,0,0,0,0,0.4493,0,0,0,0,0,0,0,0,0,0,0,0.0224,0.0224,0,0,0,0,0,0,0,0,0,0,0,0
"Madison,IL",0,0,0,0,0,0,0,0,0,5.5938,0,2.7183,0,0,0,0,0,0,0,0,0,0,0,0,0,0,0,0,0,0,0,0,0.2231,0,0,0,0.045,0,0,1.3454,0,0,0,0
"Madison,TX",0,0,0,0,0,0,0,0.4493,0,0,16.2928,1,0,0,0,0,0,0,1.9758,0,0,0,0,0,0,0,0,0.0033,0,1,0,0,0,0,0,0,1,0,0,0,0,0,31.5799,0
"Manatee,FL",0,0,6.4366,0,2.7203,0,0,0,0,0,0,1,0,0,0,0,0,0,0.0334,0,0,0,0,0,0,0,0,0,0,0.8607,0,0,0,0,0,0,0,0,0,0,0,0,0,0
"Manitowoc,WI",0.0388,0,0.8607,0,0,0,0,0,0,0.0045,1,0,0.2231,0,0,0,0,0,0.1054,5.6711,3.6713,0,0,0,0,0,0,0,0,0,0,0,0,0,0,0,0,0,0,0,2.2227,0,0,0
"Maricopa,AZ",0,0.7047,1000,0.0014,0,0,0,0,0,0.4066,0.1496,0.6376,0,2.7183,0.1353,0.1496,0,0,0.7408,0,0,004.43260.2019,0011.31470.3468,0,0,0.9142,0,0,0,0,0,0,0,0.0273,2.0273,5.6277,0,0,0,0,2.7183,0,0,0
"Marin,CA",0,0,0.0002,0,0,0,0,0,0.0954,0.4177,0,0.4584,0,0,0,0,0,0,0,0,0,0,0,0,0,0,0,0,0,0.1003,0,0,0,0.3584,0.1225,4.7014,0,3.5741,10.9518,1.4223,0,0.0091,0,0.522
"Marion,IN",0,0,0,0,0,0,0,0,0,0.7788,0,0,0,0,0,0,0,0,0,0.0035,1,0,0,0,0,0,0.4274,0,0,0,0,0,0,0,0,0,0,0,0,0,0,0,0,0
"Marion,OR",0,0,2.71830.0202,0,0.9048,2.7183,0,0.0408,0,0.70470.0111,0.0235,2.7183,0,0,5.13990.9512,0,0,0,0.7047,3.4591,0,0,0,2.7183,0,37.6752.7183,5.60512.257,0,0,0,0.00521,0.0429,2.7183,0,0,0,3.595,0.4724,0,0,10,0,10,0.5373
"Marion,WV",0,0,0,0,3.0951,0,0,0,0,0.0011,0,0.1572,0,0,0,0,0,0,0.3867,0,0,0,0,0,0,0,0,0,0,0,0,0,0,0,0,0,0,0,1,0,0,0,0,0
"Marshall,KS",0,0,0,0,0,0,0,0.6703,0,2.7183,0,0.0003,0,0,0.6376,0,0,0,0,0,0,0,0,0,0,0,0,0,0,0.8187,0,0,0,0,0,0,0,0,0,0,0.0106,0,0,0
"Marshall,WV",0,0,0,0,0,0,0,0,0,0,0,0.4724,0,0,0,0,0,0,0,0,0,0,0,0,0,0,0,0,0,0,0,0,0,5.6959,1.2466,5.1376,1,0,0,0,0,0,0,0
"Mason,WA",0,0,0,0,0,0,0,0,0,0,0.9048,0,0,0,0,0,0,0,0,0,0,0,0,0,0,0,0,5.014,0,1.4966,0,0,0,0,0,0,0.3499,0,0,0,0,0,0,0
"Maury,TN",0,0,0,0,0,0,0,0,0,0,0,1,0,0,0,0,0,0,0,3.1682,1.7408,0,0,0,0,0,0,0,0,2.7183,0,0,0,0,0,0,0,0,0,0,0,0,0,0
"Maverick,TX",0,0,2.7183,0,0,0.0362,0,0.0007,0,16.6773,0,3.6695,0.0302,0,0.1955,0,0,0,0.0398,0.0302,0,0,0,0,0,0,0,0,0,0,0,0,5.7551,2.7266,2.4382,1.0639,0.3012,0,0,37.7745,1.6015,0.7413,0,4.6697
"Mayes,OK",0,0,0,0,0.8245,0,0,0,0.4066,0,0,0.8607,0,0,0,2.7183,0,0,0,0,0,0,0,2.7183,0,0,0,0,0,0,0,0,0,0,0,0,0,0,0,0,0,0,0,0
"Medina,OH",0,0,0,0,0,0,0,0,0,0,0,0.8187,0,0.3867,0.3867,0.5769,0,0,0,0,0,0,0,0,0,0,0,0,0,0.5769,0,0,0,0,0,0,0,0,0,0,0,0,0,0
"Mercer,PA",0,0,0,0,0,0,0,0,0,0,0.0498,0,0,0,0.1287,0,0,0,0,0,0,0,0,0,0,0,0,0,0,0.0498,0,0.5898,0,0,0,0,0,0,0,0,0,0,0,0
"Miami,OH",0,0,0.4066,0.0351,11.9034,0,0,0,0,0,0,0.2865,0,0,0,0,0,0,2.7183,0,0,0.8607,0,0,0,0,0,0,0,0.0003,0,0,0,0,0,0,1.2422,0,0,0,0,0,0.3166,0
"Middlesex,MA",0,0,10,0,0,0,19.8652,0,0,0,0,0.57691,0,2.71830.9512,11,1.9512,0.5769,0,0,10,0,0,0,0,0,0,0,0,0,0,0.25920.4274,0.2592,2.7183,0,0,0,0,0,0,0.7047,0,0,0,0
"Middlesex,NJ",0,0,0.4724,0.055,26.1061,0,0,0.0074,0,0,0,00.86071.8607,0,0,0,0,0,0.9048,0.63201.9025,0,0,0,0,0,0,0,0,22.3358,0,18.7875,0,0,0,0,0,0,1,0,0,0,0,0,0,0.4066
"Midland,MI",0,0,0,0,0,0,0.0302,0.7788,0,0.8607,2.7352,0.9518,0,0,0,0,0,108.3975,0.2346,0,0,0,0,0,0,0,0.5769,0,0,0,0,0,0,0,0,0,0,0,0,0,0.0247,0,0,0
"Millard,UT",0,0.6703,0,0,0,0,0,0,0.1827,0,0,0,0,0,2.7183,0.6376,0,0,0,0,0.6703,0,0,0,1,2.7183,2.748,0,0,0.7788,0,0,0.9512,0,0,2.7183,0,0,0,0,0,0,0,0
"Mingo,WV",0,0,0,0,0,0,0,1,0,0,0,0.7788,0,0,0,0,0,1,0,0,0,0,0,0,0,0,0,0,0,0,0,0,0,0,0,0,0,0,0,0,0,0,0,2.7183
"Minnehaha,SD",59.7756,1.0011,0,0.2578,0,0,0,2.7183,0.192,0,0,0.0027,1,0,0,0,0,0,0,0,0,0,0,0,0,0,0,0,0,0,0,0,0,0,0,0,2.7183,0,0,0,0,0,0,0
"Mississippi,AR",0,0,0.9048,0,2.7183,2.7261,0,2.7183,0,0,0,0,0,31.9129,2.7183,0,0,0,0,0.6376,0,0,0,0,0,0,0,0,39.5003,0,0,0,0,0,0,0,0,0,1,0,1,0.0018,0,2.7183
"Mobile,AL",0,0,0,0,0,0,0,0,0,0,2.2404,0.9512,0,0,0,0,0,0.2592,0.0006,0,0,0,0,0,0,0,0,0,0,0,0,0,0,0,0,0,0,0,0,0,0,0,5.2781,0
"Mohave,AZ",0,0.0009,1.5822,0.1827,0,0.1225,0,0.3747,0,0.8607,1,4.7226,0.6065,3.9305,0,0.6703,0.8607,0.9512,0,0,0.6703,0,0.0143,0,0,0,0,0.9048,0.1165,0,0,0,0,0,0.3867,0,3.5867,0,0,0,1,0.3166,0,2.8291
"Monmouth,NJ",0,0,2.718300.8187,0.670302.7183,0,0.7504,0,0,0,100,0.9512,0.95120.70470,2.7183,2.71830.95120,0,3.423015.2217,0.8607,0,1.8561,0,0,49.7677,62.106800.522,0.2122,0,0,0,0,0.4966,0.4724,0,0.0287,44.0766,0,0,3.7183,2.718302.7183,0.3679,0,0,0.9512,0,0,0.1827
"Monroe,NY",0.0202,0,15.4366,0.2446,2.9639,2.7183,0,0.7719,0.7047,0,0,2.7681,2.5,0,0.9048,1,0,00.49913.1906,0.21220.11650.7441,0,0,0.6376,0,0,0.8187,0.6703,0,2.7183,0,0.951203.2215,0,0,0,1.6871,0.9512,2.718501.0434,0.2466,310.9259,353.5845,2.6015,0,0.6703,1,0
"Monroe,WV",0.4724,0,0,0,0.0101,0,0,2.7183,0,0,0,0,0,0,0,1,0,0,0,0,0,0,0,0,0,0,0,0,0,0.8187,0,0,0,0,0,0,0.3867,0,0,0,0,0,0.4724,0.8607
"Montcalm,MI",0,0,0,0,0,0,0,0,0,2.7183,1.5769,0,0,0,0,0,0,0,2.7183,0,0,0,0,0,0,0,0,0,0,0,0,0,0,0,0,0,0,0,0,0,0,0,0.8632,0
"Monterey,CA",0,0,0,0,0,0,0,0,0,0,0.6376,0,0,0,0,0,0,0,0,0,0,0,0,0.0002,0,0,0,0,0,0,1.1876,0,0.0002,0,0,0,0,0,0,0,0,0,0,0
"Montgomery,KY",0,0,0,0,0,0,0,0,0,0,0,0.0007,0,0,0,0.0011,0,0,0,0,0,4.2545,6.6286,0,0,0,0,0,0,0,0,0,0,0,0,0,0,0,0,0,0,0,0,0
"Montgomery,MD",0,0.0287,0.2725,0,0,0,0,0,0,0.0014,0,1,0,0,0,0,0,0.6376,0.7277,0,0,0,0,0,0,0,0,0,0,0,0,0,0,0,0,0,0.7541,43.4662,64.4586,0,0,0,0.6065,0
"Montgomery,PA",0,0.522,2.7183,0,0,0,0,0,0,0,0,0.0011,0,8.3778,0.8607,0,0,0.8607,0,0,0,0,0,0,0,0,0,0,1,0,0,0,0.0608,5.7676,2.1537,3.6087,10,0,0,0.9048,0,0,0,0.0166
"Morgan,AL",0,0,0,0,0,0,0,0,0,0,1,0.0087,0,0,1,0,0,0,0,0,0,0,0,0,0,0,0,23.1864,0,10.642,0,0,0,0.0002,0,0,0.026,0,0,0,0,0,0.7408,0
"Morris,NJ",0,0,0.637600.15721,0,0,0,2.7183,0,0,0.4066,12.8789,0.1108,16.4751,0,00.951200.6399,0,0,0.7047,0,0,0,0,0,3.6231,0,0,3.024,0,0.4493,0.9048,0,0,0,0,0,0,0,0,0,0,0.3166,57.4072,4.158,24.023
"Morton,ND",0,0,0,0,0,0,0,0,0,0,0,0.8499,0,0,0,0,0,0,0.0001,0,0,0,0,0,0,0,0,0,0,0,0,0,0,0.1553,2.7251,0,0,0,0,0,0,0,0,0
"Multnomah,OR",0,0,0,0,0,0,0,0,0,0,0,0,0,1,0,0,0,0,0,0,0,0,0,0,0,0,0,0,1,0,1.1265,0.8876,0,0,0,0,0,0,0,0,0,0,0,0
"Muskingum,OH",0,0,0,0,0,0,0,0,0,0,0,0,0,0,0,0,0.9512,0,0,0,0,0.7047,0,0,0,0.7788,0,0,0.7788,0,0.7788,0,0,0,0.7788,0,0,0,0,0.7788,0,0,0,0
"Nantucket,MA",0,0,0,0,0,0,0,0,0,0,0,0,0,0,0,0,0,0,2.7183,0,0,0,0,1,0,0,0,0,0,0,0,0,0,0,0,0,2.7183,15.8336,20.1309,0,0,0,0,0
"Nassau,NY",0,0,0,0,0,0,0,0,0,0,4.2939,0,0,0,0,0,0,0,0,2.7183,0,0,0,0,2.7183,0,0,0,0,1,0,0,0,0,0,0,0,0,0,0,0,0,8.447,0
"New Castle,DE",0,0.2122,3.66951,0.0008,0,0.7788,0.316600.86070,1.3178,0,2.8971,0,0.5129000.2592,0,6.4366,0,1000.8607,1.4269,0,0,0,0,0,0,0,0.6376,0,0,0,2.981201,0.8607,0,0,0,12.0981,7.2621,19.1868,0,0,0,10.1813,0,0,0.0101,0.6376
"New Hanover,NC",0,0,0,0,0,0,0,0.7123,0,0,0,0,0,0,0,0,0,0,0,0,0,0,0,0,0,0,0,0,0.8187,0,0,0,0,0,0,0,0,0,0.5769,0,0,0,0,0.5769
"New Haven,CT",0,0,0,0,0,2.7183,0,0,0,0,0,0.64190.9048,0,6.43662.0041,0,0,0,0,0,0,0,0,0,0,0,0,0,0,1.41641.9869,0,0,0,0,0,0,0,0,0,0,0,0,0,0,2.71830.522
"New York,NY",0,0,0,0,0,0,0,0,0,0,0,0.1572,0,1.4753,0,0,0,0,0,0,0,0,0,0,0,0,0,0,1.0001,0,0,0,0,0,0,0,0,0,0,0,0,0,0,1
"Nez Perce,ID",0,0,0,0,0,0,0,2.7183,0,10.0852,0,0,0,0,0,0,0,0,0.1054,0,0,0,0,0,0,0,0,0,0,0,0,0,0,0,0,0,0,0,0,18.6971,0,0,0,0.5876
"Nicholas,WV",0,0,0,0,0,0,0,0,0,0,0,0,0,0,0.6065,0,0,0.6703,0,0.4493,0,0,0,0,0,0,0,0,0,2.7183,0,0,0,0,0,0,0,0,0,0,0.4066,0,0,0
"Noble,OK",0.9512,0,0,0,0,0,0,0,0,0.9048,0,0,0,0,0,0,0,0.8607,0,0,0,0,0,0,0,0,0,0,0,0,0,0,0,0,0,0,0.9512,0,0,0,0,0,0,0
"Norfolk,MA",0,0.0017,1,0,0.2592,0,2.7183,0,4.9414,02.718311.96620,11.8112,201,0,0.1003,00.182702.8836,2.7183,0,0.9512,2.7183,0,0,0.0129,0,0,0.9512,00.18272.71830,2.3019,0.7408,0,3.0349,0,0,0,2.7183,0,0,10.067200.9512,0.7408,0,16.5472,0,0.5488,43.1447,1.2535
"Northampton,PA",0,0,0,0,0,0,0.8556,0,0,0.4467,0.5769,10.015,76.1285,0,0.0672,0,0.9048,0,0.9048,0,0,0,0,0,11.2568,0,0,0,0,0.2231,0.8187,0,0,0,0.8187,0,0,0,0,0,0,0.0183,0.8187,0
"Northumberland,PA",0,2.8606,2.7183,0,0,0,0,0,0,0,0,0,0,0,0,0,0,0,0,0,0,0,0,0,0,0,0,0,0,0,0,0,0,4.7024,7.9983,9.7604,0,0,0,0,0,0,0,0
"Nueces,TX",0,0,0,0,0,0,0,0.9048,0,0,6.4741,0,0,0,0,0,0,0,0,0,0,0,0,0,0,0,0,23.3191,0,30.8148,0,0,0,0,0,0,0,0,0,0,0,0,1,0.9048
"Oakland,MI",0,0,05.43663.63541,11,0.08638.30680.77880,0.6065000.522,0.6703,2.3614,0.8187,0,0,014.31890.9512,0,148.4061,0,0.7047,0,0.6376,0.2122,11.8004,11.823600.00130,10,0,00.05230.30120,2.7183,0.1353,00.95120.14230.7788,0.1496,172.1154,02.71832.12862.7183,0,0,0,0,0.4274,0.0166,0.7057,10.2122,0.5488,10,0.94411,1.2406,0,005.68811.8187
"Ohio,WV",0,0.5488,1.036,0,0,0,0,0,0,0,18.8553,2.7183,0.9512,0,0,0,0,0,4.2952,0,0,0,0,0,0,0,0,6.1848,0,18.9546,0,0,0,0,0,0,0,1,0,0,0,0,20.9838,0
"Oklahoma,OK",0,0.6703,0,0.2865,0,0,0,0.6703,1.1689,0,0,0.8187,0,0.6065,0,1,0,0,0.6703,0,0,0,0,0,0,0,0,0,0,0,0,0,0,2.7183,2.7183,2.7183,0.3329,0,0,0,0,3.6695,0,0.2346
"Orange,CA",0,0.8611,04.0587.7981,1.087,01.904849.1297,0.9512,0,0.8001,0.6713,0,05.38076.4366,0.8188,2.718302.7183,0.8187,0.1921,1.9048,88.92850.54880.4274,0.0087,0.070703.57,0,0,0.4066,0,0.1165,0,0,0,095.17772.7183,00.81870.522,042.6934.1044,0.7408,1.6095,0,0,0.7788,0.109800.4274,2.7183,0,0,0.4066,0,0,00.38381.4493,1
"Orleans,LA",0,0,0,0,0,0,0.9785,0.0235,0,0,0,0.0101,0,5.5395,0,11.3516,2.7183,0,0,0,0,0,0.4066,0,0,0,0,0,5.1836,0,0,0,0,0,0.0369,0.0369,0,0,0.0041,0,0,1.73,0,0.3729
"Orleans,VT",2.7183,0,0,0,0,2.5108,0,0,0.4066,0,2.7183,0,0.7408,0,0,3.4078,0,1,0,0,0.2231,0,0.6376,0.9512,0.522,0,0.0009,0,0,0,13.6554,20.5737,0,0,0,0,0.7408,0,0,0,0.9048,0.4724,0,0.7788
"Osage,KS",0,0,0,0,2.901,0,0,0,0,0,0,1.9512,0,0,0,2.7183,0.2122,0,0,0,0,0,0,0,0,0,0,0,0,0,0,0,0,0,0,0,0.045,0,0,0,0,0,0,0
"Ottawa,MI",0,0,2.7183,0,0,2.7183,0,0,0,0,0,0,0,0,0,0,0,0,0,0,0,0,0,0,0,0,0,0,0,0,0.6703,1.5361,0,0,0,0,0,0,0,0,0,0,0,0
"Ottawa,OH",0,0,0.6703,0,0,0,0,0,0,0,0.0021,0,0,0,0,0,0,17.8408,0,0,0,0,0,0,0,0,0,0,0,0.7047,0,0,0,0,0,0,0,0,0,0,2.7183,0,0,0
"Outagamie,WI",0,0,0,0,0,0,0,0,12.3681,0,0.8187,0,0,0,0,0,0,0,0,0,0,0,0,0,0,0,0,0,0,0,0,0,0,0,0,0.3867,0,0,0,1.9337,0,0,0,0
"Ozaukee,WI",0,0,0,0,0,0.4493,0,0,0,0,0,0,0,0,0,0,0,0,0,0,0,0,1,0,0,2.7183,0,0,0,0,0,3.7183,0,0,0,0,0,0,0,0,0,0,0,0
"Passaic,NJ",6.3429,0,0,0,0,0,0,0,0,0,0,1,0,1,0,0,0,0,0,0,0,0,0,0,0,0,0,0,0.0224,0,0,0,0,1,0,0,0,0,0,0,0,0,0,0
"Pemiscot,MO",0,0,2.7183,0,0,0,0,0,0,0,0,0,0,0,0,0,0,0,0.0004,0,0,0,0,0,0,0,0,0,0,0,0,0,0,0.9791,2.025,3.6224,0,0,0,0,0,0,0,0
"Perry,KY",0,0,0,0,0.6065,0,0,0,0,0,0,0,0,0,0,0,0,0,0.0001,0,0,0,0.8187,0,0,0,0,0,0,0.7788,0,0,0,0,0,0,0,0,0,0,0,0,0,0
"Pierce,WA",0,51.8599,0.6065,0,0,0,0,0,0,0,0,0,0,0,0,0,0,0,0,0,0,0,0,0,0,0,0,0,0,0,0,0,0,0,0,0,2.7183,0,0,0,0,0,0,2.7183
"Pike,AL",0,0,2.7183,0,0,0.6376,0,0,0,0,0,0,0,0,0,0,0,0,0,0,0,0.2019,0,0,0,0,0,0,0,0,1.0001,3.901,0,0,0,0,0,0,0,0,0,0,0,0
"Pike,MO",0,0,6.2973,0.5917,2.7183,0,0.2466,0.0408,4.6207,0,1.3867,3.6695,1.531,0.9512,0.8607,0.7047,1,0,0,0,0,158.8508,182.2374,0,0,0,0.0317,0,0,0.4507,0.4066,0,0,0,0,0.3679,5.2018,0,0.0033,0,2.7183,0,0,0.8607
"Pima,AZ",0,0,1,0.9048,0,0,0,0,1,0,0,0.2045,0,0,0,0,0.7408,0,0.461,0,0,0.2019,0.9048,0,0,0,0,0,0,0.0071,0,0,0,54.5184,40.5823,28.2584,0,0,0.1423,0,0,0,0.2019,0
"Pinellas,FL",0,1,0,0,0,0,0,0,0,0,1.7788,0,0,10,0,0,0.9512,2.7183,0,0,0,15.3194,5.8374,0,0,0,0,0,0,0,0,0,0,0,1.7655,0,0,0,0,0,0,0,0,0
"Placer,CA",0,0.4066,0,0,0,0,0,0,0,0,0,0.0043,0,0,0,0,0,0,0.4724,0,0,0,0,0.6376,0,0,0,0,0,0.8607,0,0,0,0,0,0,0,0,0,0,0,0,0,0
"Platte,MO",0,0,0,0,0,0,0,0,0,0,0,0,0,0,0,0,0,0,0,0,0,0,0,0,0,0.0608,0,0,0.1496,0,13.786,16.8401,1.2332,0,0,0,0,0,0,0,0,0,0.0111,0
"Plymouth,MA",0,0,0.0058,0,0,0,0,0,0,4.0458,0,0,0.192,0,0,0,0,0,0,0,0,0,0,0,0,0,0,0,0,1,0,0,0.2725,0,0,0,0,0,0.5769,1,0,0,0,0
"Pocahontas,WV",0,0,0,0,0,0,0,0,0,0,0.3867,0,0,5.553,0,0,0,0,0,0,0,0,0,0,1.1901,0,0,0,9.1778,0,0,0,0,0,0,0,0,0,0,0,0,0,0,1
"Polk,FL",0,0,0,0.0366,3.7587,0,0,0.0863,0,0,0,0.90480.4351,0,0,0,0,0,0,0.0429,0,0,0,0,0,0,0,0,0,1,0,0,0,0,0,0,0,2.7183,0,0,0,0,0.0429,0,0.7408
"Pottawatomie,KS",0,0,0,0,0,0,0,0,0,0,0,0,0,1,0.9512,0,0,0,0,0,0,0,0,0,0,5.4574,0,0,0,0,0,0,0,0,0,0,2.7183,0,0,0,0,0,0.9512,0
"Pulaski,AR",0,0,1.2286,0,0,0.522,0,0,0,0,0,1.4236,0,0,0.1423,0,0,0,0,0,0.015,0,1,0,0.7788,5.4006,0,0,0,0.0743,0,0,0,0.4472,12.0503,12.0068,10,0,0,0,0,0,0,0.7047
"Pulaski,VA",0,0,0,0,0,0,0,0.0013,0,0,15.239,0.4724,0,0,0,0,0,0,0,0,0,0,0,0,0,0,0,0,0,0,0,0,0,0,0,0,0.4493,0,0,0,0,0,11.2421,0
"Putnam,WV",10,0,0,0,0,0,10,0,0,0,0,0,0.5488,0,0,0.6065,10,0,10,0,10,10.5488,0.5488,0,0,0,0,10,10,0,10,0,0,0,10,0,0,0,0,10,0,0,10,0
"Queens,NY",0,0,0.3329,0,0,0,0,0,0,0.4274,0.4274,0,0,0,0,0,0,0.4274,0,0.0043,0,3.2149,6.3061,0,0,0,0,0,0,0.4724,0,0,0,0,0.7911,0.2783,10,0,0,0,0.0047,0,0,0.1738
"Randolph,WV",0,01.21062.9103,0,0,10,0,0,10.192,0,0,100,5.0194,0,10,0.8356,10.0106,0,0,0.07110.01740,0,0,0,0.7047,0,0.9048,0,0.74088.04320.3329,0,0,0,0.9512,100,14.7375,3.2952,2.7183,4.6469,0.80010.95412.7183,0,0.2113,0.7047,0.3679,0.192,0,3.4591
"Rapides,LA",0,0,1,0,0,0,0,0,0,5.7239,0,0,0,0.0273,0,0,0,0,0,0,0,0,0,0,0,0,0,0,0,0,0,0,0,0,0,0,1,0,0,8.2232,0,0,1,0
"Reno,KS",0.7375,1.992,17.9532,2.5223,2.1644,2.846,1.6384,9.4536,2.6703,0.2342,3.1567,3.8524,2.9946,0.8879,0.6703,1.6184,0.7376,1.7236,2.0855,0,3.5111,1.7813,0.9512,3.9762,3.579,1.2294,0,3.8636,3.6352,3.4913,4.3886,0.9512,0,1.0039,1.1068,5.8045,4.7103,0.4493,7.9591,2.7855,4.2172,3.6913,3.3886,3.4315
"Rensselaer,NY",0,0.0672,1.9048,0,0,1.3473,0,0,0,4.0195,0,0.1738,3.7183,0,0.2592,0,0,0,0.3537,0,0,0,0,0,62.145,0,0.2592,0,0,0,0.7047,0.2592,0,0,0,0,1.9912,0,0,0.1165,0,0.3867,0,0.4724
"Richland,OH",0,0,0,0,0,0.4724,0.1496,0.0408,0,0,0,0,2.7183,0,0,0,0,0.674,0,0,0.8607,0,0,3.7183,0.3867,0,0,0,0,2.7183,0,0,0,0,0,0,1,0.2122,0,0,0,0,0,0
"Richland,SC",0,0,1.3499,0,2.7183,0,0,0,0,0.4724,0.001,2.7183,0,0,0,0,0,0,0,0,0,0,0,0,0,0,0,0,0,0,0,0,0,4.0901,7.6468,8.3456,1.08,0,2.7183,0,0,0,0,0
"Riley,KS",0.4066,0,2.71830.6376,0,0,0,2.7183,0.0781,23.4754,0,0.192,0.3499,0,0,0,0.7047,0,0,0,0,0,0,0,0,0.0907,0,0,0,0,0.0032,0,0.3867,0,0,0,0,2.6376,0,0,0.0001,0,0,0,0.3867
"Riverside,CA",1,0,0,0,2.7183,0,2.71831,0,0,0,0,0,9.1735,0,0,0,0,0,0,0,0,1,0,9.6343,0,0,0,0,2.7183,0,0,0,0,0,0,0,0,0,0,0,0,27.4324,0,20.4087
"Robertson,TN",0,1.1687,1.5853,0,0,0,0,0,0,0,0,0,0.9167,0,0,0,0,0,0,0,0,0,0,0,0,0,0,0,0,0,0,0,0,10.0549,15.0744,20.2727,0,0.0158,0,0,0,0,0,0
"Rock,WI",0,0,0.8187,0,0,0,0,0,0,0,0,0.6376,0,0,0,0,0,0,0,0,0,0,0,0,0,0,0,0,0,0,0,0,0,0.0158,0.1496,0.7788,0,0,0,0,0,0,0,0
"Rockingham,NH",0,0.0781,0.9048,0.0781,3.0043,0,0,0.9512,0,0,0,0,0,0,0,0,0,0.0317,1,0,0,0,0,0,0,0,0,0,0,0,0,0,0,0.0005,0,0,0,0,0,0,0.0781,0,0,0
"Rockland,NY",0,0,2.7183,0,0,0,0,0,0,0,0,0,0,0,0,0,0,0,0,0,0,0,0,0,0,0,0,0,0,0,2.7183,0,8.3276,0,0,0,2.7183,0,0,0,2.7183,0,0,0
"Ross,OH",0,0.0001,0,0,0,0,0,0,0,1,0,0,0,0,0,0,0,0,0.0001,0,0,0,0,0,0,0,0,0,0,0,0,0,0,0,0,0,0,0,0,1.2527,0,0,0,0
"Rowan,NC",0,0.1003,1.3329,0.5769,0,0,0,0,0,1,0,0,0,0,0,0.7788,0,0,0,0,0,0,0,0,0,2.7183,0,0,0,0,2.7183,0,0,0,0.7788,0.1653,1.0493,0,0,0,0,0,0,0
"Rutland,VT",0,0,20,0,0,2.7183,0,0,0,0,10,0,0,11.4966,0,0,0,0,0,0,0,0,0,0,0,0,0,0,0.0183,0,0,0,8.8074,2.7183,0,0,0,0,0,0,0,0,0,0.6065
"Sacramento,CA",0,0,0,0,0,0,0,0,0,0.1392,0.8187,0,0.7788,0,0.6065,0,0,0,0,0,0,0,0,0,0,0,0,0,0,0,0,0,0,0,0,0,0,0,0,6.1069,0.3867,0.0033,0,1.5488
"Saline,AR",0,0,0,0,0,0,0,0,0,0,0,0,0,0.8607,0,0,0,0,0,0,0,0,0,0,0,0,0,0,1,0,0.2122,0.2122,0,0,0,0,0,0,0,0,0,0,0,0
"Salt Lake,UT",0,0,0.001,0,0,0,0,0.0408,0,0,0,0,0,0,0.5488,0,0,0,0,0,0,0,0,0,9.5048,0,0,0,0,0,0,0,0,0,0.7788,0,0.5769,0,0,0.5723,0,0,0,1.5896
"San Diego,CA",0,0.0061,0.1423,0,0,0.0247,0,0,0,9.65140.6376,0,2.3276,0.6703,0.9048,0,0,0,0,0,0,0,0,0,0,0.9048,0,3.0682,0,0,0,0.0166,0.0166,0,0,0.0013,0.6065,0.0039,0,0,6.9261,0,0.0027,0,0
"San Mateo,CA",0,0,0,0,0,0,0,0.0004,0,0.4493,0.0213,3.6231,0.8187,0,0,3.1906,0,0,0,0,0,42.2973,38.5913,0,0,0,0,0,0,0,0,0,0,0,0,0,0,0,0,0,0,0,0,0
"San Patricio,TX",0.0224,0.0578,0.0193,0,0,0,0,0,0,0,0,0,0,0,0,0,0,0,0,0,0,0,0,0,0,0,0.0639,0,0,0,0,0,0,0,0.0672,0,0,0,0.9232,0,0,0,0,0
"Santa Clara,CA",100,100,0,0.7047,3.7657,0,100,0,0,0,0,01.39570.3329,0,0,0.9048,0.8607,100,00.13530.1165,0,11.0403,3.7478,100,0,0,0,100,2.7183,0,100,0,0,0,0,0.0743,0.0743,0.2019,0,0,0,100,0.1423,0,0,0
"Santa Rosa,FL",0,17.6809,0.0007,0,0,0,0,0,0,0,0,0.0351,0,0,0,0,0,0,0,0,0,0,0,2.7183,0,0,0,0,0,0,0,0,0,0,0,0,0,0,0,0,0,1,0,0
"Sarasota,FL",0,0,3.2403,0,0,0,0,0,0,0.5769,0,0.7408,0,0,2.7828,0,0,3.579,0.5769,0.5769,0.7047,0,0,0,0.3304,0,32.495,0,0,0,1.3772,0.9048,0.3329,0,0.9048,0,0.2663,0,0,0,0.1108,0,0,0
"Saratoga,NY",3.6079,2.718302.7183,2.7213,0.8187,0,0,0,1.6457,34.6812,0.002100.015,0,1.445500.3567,0,0,0,0,1.020202.7183,0.6094,0.020204.4236,0,0.0302,0.030200.7047,0,0,2.7183,0.0235,0.8187,0.0224,0,0,0.020200.0557,0.4066,28.1317,2.7183,2.7183,2.7183,0.000100.0907,0,0,1.0493,0,0.7408,0,2.718302.7183
"Sarpy,NE",0,0,0,0,0,0,0,1,0,0,0,0,0,0,0,0,0,0,0,0,0,2.7183,5.0643,0,0,0,0,0,0,0,0,0,0,0,0,0,0,0,0,0,0,0,0,1
"Schuylkill,PA",0,0,0,0.1827,0.2908,0,0,0,0,2.7183,2.7183,0.6065,0,0,0,0,0,0.0087,0.1738,0,0,0,1,0,0,0,0,0,0,0,0,0,0,0,0,0,1,0,0.3867,0,0,0,0,0
"Scotland,MO",0,0,0,0,0,0,0,0,0,0.0707,0,0,0,0,0,0,0,0,0,0,0,0,0,0,14.9405,0,0,0,0,0,0,0,0,0,0,0,0,0,0,0.7788,0,0,0,0.7047
"Scott,MN",0,0,0,0,0,0,0,0,0,0,0,0,0,0,0,0,0,0,0,0,0,0,0,0,0,0,0,0,0,0,1,1,0,0,1,1,0,0,0,0,0,0,0,0
"Sedgwick,KS",0,0.0648,1.9048,2.7183,0,0,0,2.7215,0.003,0.2367,0,4.6281,0.0082,0,0,0,0,0,1.7507,1,0,0,0,1,0,0,0,0,0,1.288,0,0.8607,0,0,0,0,0.3867,0,2.7183,0,0,0.7788,0,0
"Sequatchie,TN",0,0,0,0,0,0,0,0,0,0,0,0,0,0,0,0,0,0,0,0,0,0,0,0,0,0.1738,0,0,0,0.2122,0,0,0.0001,0,0,0,0.2122,0,0,0,0,0,0,0
"Shawano,WI",0,0,0,0,0.9048,0,0,0,0,0,0.8202,0,0,0,0,0,0,45.3309,0,0.8187,0,0,0,0,0,0,0,0,0,0.9512,0,0,0,0,0,0.8187,0,0,0,0,0,0,0,0
"Shelby,AL",0.9512,0.7047,9.6079,0.075509.4542,7.4371,1.947,2.7183,1.10540.30120,3.5933,0.6712,4.7175,1.91380.95120,4.0814,0.3166,23.661,1.14691,2.1119,0.6376,3.241100.6703,550.8769,618.4291,2.9202,0.9512,0,7.1029,4.9367,6.3878,2.7227,1.0444,3.714600.5488,5.2875,2.7184,1.34348.27720,0.0215,0.8139,1.3757,21.4583,0.6065,2.3939,10.396,30.7274,100,0.548800.3329,0.9241
"Shelby,TN",0,0,0.026,0,0,0.1003,0,2.7183,0.4724,5.4366,0,0,0,2.7183,3.6231,0,0,0,0,0,0,0,0,0,0.0003,2.71832.7183,4.0682,0,0,0,0,0,0.002,0.9048,0.045,0.045,0,0,0,0,0,0,0,2.7183
"Shiawassee,MI",0,0,0,0,0,0,0,0,0,0,0,0,0,0.4066,0,0,0,0,0,0,0,0.8899,12.2551,0,0,0,0,0,0.4066,0,0,0,0,0,0,0,0,0,0,0,0,0,0,0
"Siskiyou,CA",0,0,0.9512,0,0,0,0,0,0,0,0,0,0,0,0,0,0,0,0.8607,0,0,8.7215,2.5457,0,0,0,0,0,0,0,0,0,0,0,0,0,0,0,0,0,0,0,0,0
"Snohomish,WA",0,0,0.8607,0,0,0,0,0,0,0.0672,0,0,0,0,0,0,0.4274,0,0.6065,0,0,0,0,0,0,0,0,0,0,0,0,0,0,7.4111,7.7725,2.4004,1.045,0,0,0,0,0,0,0
"Snyder,PA",0,0,6.4366,0,0.3499,1,0.0001,0.4966,0,0,0,0,2.7183,0,1,0,0,0,0.2019,0,0,0,0,0,0,0,0,1,0,0,0,0,0.5488,0,0,0,0.5395,0,0,2.7183,0,0,0,0.3012
"Solano,CA",0,0,8.1548,7.7879,0,0,0,0,0,0,0,0.0863,0,0,0,0,0,0,0,0,0,0.0017,2.9414,0,0,0,0,0,0,0.8187,0,0,0,25.8334,16.3975,7.03,0.95122.7183,0,0,0,0.3679,1,0,0
"Somerset,NJ",0,0.4066,0,0,0,0,0.0821,0,0,0,0,1,0,0,0,0,0,0,2.7183,0,0,0,0,0,0,0,0,0,0,0,0,0,0,0,0,0,0,0,0,0,0,0,0,0
"Stark,OH",0.1653,0,3.7312,0.4724,0.7047,0.045,0.0451,0.8286,0,0,0.9048,0.0032,0,0.8607,0,0,0,0,0.4493,1.7788,0,0,0.0008,1.045,0,0,0.1738,2.7183,0,2.8606,0.1738,0,0,0,2.7183,0,1.4733,0,0,0,0.8238,0,0.0351,0.045
"Starr,TX",0,0,0,0,0,0,0,0,0,0,1,0,0,0,0,0,0,0,0,0,0,0,0,0,0,0,0,0,0,0.4493,0,0,0,0,0,0,2.7183,0,0,0,0,0,7.5295,0
"Suffolk,MA",0,20,4.3559,18.5218,0.0002,0,0,2.7183,0.0743,0.4493,0.44930.42742.719,01.65593.9508,0,0,0.4066,0.5222,0,0.0429,0.0334,0,0,10,0,0,0,0.4274,0,0,0,0.945901,0,0,2.7183,0,0.9512,0,0.1165,0,0,0,0,0.3867,0,0.0002
"Suffolk,NY",0,0,3.2952,0,0,0.4066,0,0,0,0.045,0,0,0,0,2.7183,0,0,0,0,0,2.7183,0,0,0,0,0,0,0,0,0,0.7171,9.8033,0,0,0,0,0,0,0,0,0,30.8987,0,29.9796
"Summit,OH",0,0,0,0,0.0002,0,0,0,0,0,8.8124,0.3679,0,0,0,2.7183,0,0,0.0183,0,0,0,0,0,0,0,0,0,0,0,0,0,0,0,0,0,0,0,0,0,0.1225,0,16.9332,0
"Sussex,DE",0,0,2.7183,0,2.9202,0.2231,0,0,0,0,0,0.5488,0,0,0,0,0,0,0,0,0,0,0,0,0,0,0,0,0,0,0,0,1,0,0,0,0,0,0,0,0,0,0,0
"Talladega,AL",0,0,0,0,0,0,0,0.9512,0,0,0,0,1.4164,0,0,0.6703,0,0,0,0,0,0,0,8.5364,0,0,0,0,0,0,0,0,0,0,0,0,0,0,0,0,0,0,0,0
"Taos,NM",1,0,2.7183,0,0,0,0,0,0,0,0.3329,0,0,0,0,0,0,0.9048,0,0,0,0,0,0,0,0,0,0,0,0.0001,0,0,0,0,0,0,0,0,0,0,0,0,0,0
"Tarrant,TX",2.7183,0,0,2.7183,0,0,0,0,0,0,0.9512,0,0,0,0,0,0,0,2.7183,0,0,0,0,0,0,1,0,0,0,0,0.0001,1.8834,0,0,0,0,0,1,0,0,1,0,0,0
"Terrebonne,LA",0,0,0,0,0,0,0,0.0067,0,0,0,0,0,0,0,1,0,0,0,0,0,0,0,0,2.7183,0,0,0,0,0,0,0,0,0,0,0,0,0,0,0,0.9512,145.5375,0,57.3207
"Tioga,NY",0,0,0,0,0,0,0,0,0,0,1,0,0.0821,0,0,0,0,1,0.0029,0,0,0,0,0,0,0,0,0,0,0,0,0,0,0,0,0,0,0,0,0,0,0,0,0
"Tolland,CT",0,0,1.43861,0,0.3877,0,9.6855,0,0,0,0,1.1108,2.7183,0,0,0.40661,0,0,0,0,0,0,0,0,0,0,0,0,0,0,1,0,0,0,0,0,0,0.7788,0,0,0,0,0,0
"Tooele,UT",0,0,5.923,77.0436,2.7183,3.956,0,2.4733,0.9048,0,0,3.2132,2.743,3.3248,0,1,0.2865,2.7183,0.4676,0,0,0,0,0.0043,0.3867,0,0.9512,0,0,0.5769,2.7183,0,2.7183,0,2.7183,0,1,1,1,0,0,0.1225,2.7183,0.5488
"Traill,ND",0,0,0.5488,0.1108,0,0,0,0,0,0,0,0,0,1,0,0,0,0,0,0,0,0,0,0,0,0,0,0,0.0339,0,0,0,0,0,0,0,0,0,0,0,0,0,0,0
"Trigg,KY",0,0,0,0,0,0,1,0,0,0,0,0,0,0,0,0.8187,0,0,0,0,0,0,0,3.9309,0,0,0,0,0,0,0,0,0,0,0,0.0907,0,0.4274,0,0,0,0,0,0
"Trinity,CA",0,0,0,0,0,0.7047,0,0,0,0,0,0,0,0,0,0,0,0,0,0,0,0,0,0,0,0,0,0,0,0,0.2865,0.1128,2.7183,0,0,0,0,0,0,0,0,0,0,0
"Trumbull,OH",0,0,0,0,0,0.1496,0,0,0,0,0,0,0,0,0,0,0,0,0,0,0,0,0,0,0,0,0,0,0,0,0.0001,0,0,0,0,0,0,0.6376,0.6376,0,0,0,0,0
"Tuscarawas,OH",0,0,0,0,0,0.1108,0,0,0,0,0,0,0,0,0,0,0,0,0,0,0,0.6376,0,0,0,0,0,0,0,0,0,0.4274,0.5769,0,0,0,0,0,0,0,0,0,0,0
"Union,NJ",0,0,101,0.5283,0,1,0,1,0,0,5.5453,0.67032,0,7.136,0,0,0,0,0.818700.3499,0,0,0,0,0,0,0,15.2066,10,9.466,0,2.7183,0,2.7183,0,0,0,0,0,0,0,2.7183,0,2.9174,0.951201
"Union,OH",0,0,0.9048,0.2122,0,0,0,0,0,0,0,2.4966,0,0.7788,2.7183,0,0,0,0,0.9512,0,0,0,0,0.7788,0,0,0,0,0,0,0,0,0,0,0,0,0,0,0,1,0.0001,0,1.031
"Utah,UT",0,0.7072,2.7183,0,0,0,0,0,0.7986,2.7183,0,0.95123.3248,0.5769,0,0,0.8607,0,0,0,0,0,0,0,32.927,0,0,0,0,0,0,0,2.7183,0,3.7836,6.4276,7.2973,0,0,0,0,10,2.7183,0,0
"Van Buren,AR",0.6065,0,2.7183,0,0,0,0,0,0,0,0,0,0,0,0,0,0,0,0,0,0,0,0,0,0,0,0,0,0,0,0,0,0,0.9512,0,0,0.7047,0,0,0,0,0,0,0
"Venango,PA",0,0.0071,0,0,0,2.7195,0,0,0,2.7633,0,0,0,2.7183,0,2.7633,0,0,0,0,0,0,0,0,0,0,0,0,0,0,0,0,28.7561,0,0,0,0,0,0,0.8187,0,0,0,0.8484
"Wake,NC",0.0166,0.497,0.142314.24631.2122,00.000228.7536,04.66950.4274,6.0253,1.1864,1.0407,04.25610.2725,0,2.71834.48051,0.427416.53771.0009,01.33770.9512,2.71833.45150,0.4724,1.4672,0.3679,0948.45240.4966,2.0371,0,0.3867,3.5329,1.1225,3.579,01.71080.7047,0,0,0.6764,0.7788,9.2946,1.6559,4.468,0,0,0.6376,0.9512,0.54884.92480,12.3783,016.63150.0388,0,1.9512,0.70470.34990,0.0035,1.6762
"Waldo,ME",0,0,0,0,0,0,0,0,0,0,0,0,0,0,0,0,0,0,0,0,0,0,0,0,2.7183,0,0,0,0,0,0,0,0,0.2725,2.7183,3.7183,0,0,0,0,0,0,0,0
"Walker,AL",0,0,0,0,0,2.9908,0,0,0,0,0,1,0,0,2.7183,1.1032,0,0,0,0,0,0,0,0,0.2865,2.7183,16.9424,2.7183,0,0,0,0.7047,0,0,0.192,0,0,0,0,0,5.4461,0,0,0
"Walworth,WI",0,0,0.4066,0,8.0315,0.9512,0,0,0,0,0.1827,0.1496,0,0,0,0,0,2.7183,0,0,0,0,0.192,3.4591,2.2725,0,0.9512,0,0,0.38671.7408,0,0,0,0,0,0,0.6364,0,0,0,0,0,0.0011,0
"Warren,IA",0,0,0,0,0,0.7047,0,0,0,0,0.7408,0,74.5085,0,0.2231,0,0,0,0,0,0,0,0,0.3166,0,0,0,0,0,0,0,0,0,0,0,0,2.7183,0,0,0,0,0,0,0
"Wasatch,UT",0,0,0,0,0,0,0,0,0.0213,0,0,0.0213,0,0.0136,0,0,0,0,0,0,0,0,0,0,0,0,0,0,0,0,0,0,0,0,0,0,0,0,0,0,0,2.7183,0,2.7183
"Waseca,MN",0,0.6065,0,0,0,0,0,0,0,0,0,0.0235,0,0,0,0,0,0,0,0,0,0,0,0,0,0,0.0235,0,0,0,0.9048,0,0,0,0.1653,0,1,1,1,0,0,0,0,0
"Washington,AR",0,0,0,0,2.4269,0,0,0,0,0,0,1,0,1,0,0,0,0.6065,0,0,0,0,0,0,0,0,0.4493,0,0,0.4066,0,0,0,0,0,0,0,0,0,0,0,0,0,0
"Washington,PA",0,0,0,0,0,2.7183,0,0,0,0,0,0,0,0,6.0821,0,0,0,0,0,0,0,0,0,0,0,0,0,0,0,0,0,0,0,1,0,0,0.6065,0,0,0,0,0,0
"Washington,UT",0,0,1.0037,0.2592,0.1827,0,0,0,0,1,0.7047,2.7183,2.7288,0,0,0,3.0386,0,0,0,0,0,2.7183,0.0578,0,0,0,0,0,0.0021,0,0,2.7183,0,0,0,0.8187,0.7788,0.9048,0,0.7408,0,0,0
"Washoe,NV",0,0.5488,0,0,0,0,0,0,0,0,0,0,0,0,0.4066,1,0,0,0,0.8235,0,0,0,0,0,0,0,0,0,0,0,0,0,0,0,0,0,0,0,0,0.0797,0,0,0
"Waukesha,WI",0,0,0,0,0,2.7183,0,0,0,0,0,0,0,0,0,0,0,0,0,0,0,0,0,0,0,0.0608,0,0,0,0,0,0,1.873,0,0,0,0,0,0,0,0,0,0,2.7183
"Waushara,WI",0,0,0.0002,0,0,0,0,0,0,0,0,0,0,0,0,0,0,0,0,0,0,0,0,0,0,0,0,0,0,0,0,0,0,2.4739,4.1568,2.1467,0,0,0,0,0,0,0,0.9048
"Wayne,MI",0.9512,1.69360000.0096,31.5980001,1.2168,2.48894.65291.860700,11.44230000.0017,15.9827,9.540201.679400,18.8415,2.6794,26.00660.0010.704700,16.8565000.70470,8.838500.860700,22.2507,9.28911000.0707,779.505,0.4139,6.4051,6.3471,0.1851,2.3277,11.0704,15.8659,6.4629,4.6955,4.7225,4.2546,6.4054000.14960,3.4643,4.733500.00870.14960,0,0,4.5790009.2061,6.4366,5.9587,10.0109,22.549711.44930.00030,6.9279,0.9551,1.5769,0.9342000.90480.0017,0.0017,1.3237,6.5790.7047000
"Wayne,WV",0,0,0,0,3.574214.8450,0,0,0,0,0.57691,0,0.16580.00060.9512,0,3.7804,0.9048,0.5488,0,0,0,0,0,0,0,0,0,0,0.9535,0,2.7418,0,0,0,0,0,0,0,3.579,0,0.522,0,0,0,0,0.0045
"Westchester,NY",0,0.946,2.71830.6703,0,9.4716,0.5488,0,0.0743,0,0,0.0247,0.8607,0,0,0,0,0,0.0009,0.9048,0,0,0,0,0,0,0,0,0,0,1,0,0,0,0.91440.2231,1.44930.2231,2.1948,0.522,0,0,0,0,0,0,0
"Westmoreland,PA",0.4058,1.06320.54880,3.94142.71830,0.0052,0,0.0001,0,4.28880.54880.9512,0.7806,34.536902.9103,0.7788,0.9428,0.7408,1.4816,1.0737,0.8288,0,0.7408,4.88770.63760,0,0,2.7183,0,10,0.392,0.77882.71830,0,0.1827,1.2479,0.3867,0,100,4.3182,0.1003,10,0,1.1516,3.537,2.7183,61.599707.4459,0.0039,0,0.1827,3.4591
"White,AR",0,0,0,0,0,0,0,0,0,0,0,0.3499,0,0,0,0,0,0,0.1738,0,0,0,0,0,0,0,0,0,0,0,0,0,0,0.922,2.7183,0.1738,0,0,0,0,0,0,0,0
"Wicomico,MD",0,0,0,0,0,0.8607,0,0,0,0,0,0,0,0,0,0,0,0,0,0,0,0,0,0.8187,0,0,0.8187,0,0,0,0,0,0.8607,0,0,0,0,0,0.9048,0,0.005,0.9048,0,0.9048
"Will,IL",0,0,0.2865,0,0,0,0,0,0,0,0,0,0,0,0,0.9048,0,0,0,0,0,11.5209,11.2692,0,0,0.4724,0,0,0,0,1,0,0,0,0,0,0,0,0,1,0,0,0,0
"Williamson,TX",0,0,0,0,0,22.5249,0,0,0,0,0,0,0,0,0,0,0,0,0,0,0,0,0,0,0,0,0,0,0,0,0.0001,0.0001,3.7183,0,0,0,0,0,0,0,0,0,0,0
"Windham,VT",0,0,0.882,0,0.7788,1,0.4493,3.6232,0,0,0,2.0004,0,0,0,0,193.0827,1.6927,0,0,0,0,0,0.4724,0,1,0,0,0,0,0,0,0,2.7183,3.7183,0,3.0126,0.3251,0.0082,0,1,0,0,0.6376
"Windsor,VT",0,0,0.0707,0,0,0,0,0,0,0,0,0,0,6.9813,0,0,0,0,0,0,0,1.1653,0.7546,0,0,0,0,0,2.5496,1,0,0,0,0,0,0,0,0,0,0,0,0,0,0
"Winnebago,IL",0,0,0,0,0,0.0001,0,0,0,0,0,0.0025,0,0,9.1597,0,0,0,0,0.4066,0,0,0,0,0,0,0,0,0,0,0,0,0,0,0,0,0,0,0,0,0,0,0,0
"Winston,AL",0,0,0,0,1.5488,0,0,0,0,0,0,0.0009,0,0,0,0,0,0,0,0,0,0,0,0,0,0,0,0,0,0,0,0,0,0,0,0,0.2592,0,0,0,2.7183,0,0.0055,0
"Wise,VA",0,0,0,0.0954,0,0,0,0,0.6703,0,0,0,0,0,0,0,0,0,0,0.0302,0.0302,0,0,0,0,0,0,0,0,0,0,0,0,0,0,0,0,0,0,0,0,0,0,0
"Wood,OH",0,0,0,0.9048,0,0,0,0,0,0,2.1378,0,0.2122,0,0,0,0,0.0907,0,0,0,0,0,0,0,0,0,40.9196,0,39.161,0,0,0,0,0,0,0,0,0.5769,0,0,0,0,1
"Wood,WV",0.0061,0,0,0,0,0,0,0,2.7183,0,0,0,0,0,2.7183,0,0,0,0,6.5799,3.6788,0,0,0,0,0,0,0,0,0,0,0,0,0,0,0,0,0,0,0,0.4274,0,0,0
"Woodford,IL",0.6704,1.9358,17.4875,2.7183,0,0.577,0.0002,3.6231,1,2.6813,1.7236,13.4038,0,3.6015,2.4403,5.4366,0.2725,0,3.4887,0.0004,0.4278,1.0735,0.5769,0,0,6.3275,0.0143,0,1.0862,9.4096,233.3035,198.2797,3.5121,0,0.87,0,6.4099,1,0,2.7183,0.2725,10.386,0.6703,21.7459
"Worcester,MA",0.2019,0.6703258.223900,0.17386.441300,21.7204,0,0.1827,3.3559,0.98810.637600,0.8607000.7788,10.91050.77881,0.7408,0.00524.674800,0.8187,1000,0.81871,0,0.0429,0,1.44550.496600.0004,0,0,2.7183,0,0.6376,0.8607,2.7183,0,0,0,0,0,0,0,11.0366,0.67030.81878.83270,001.14740.9512,2.8836,0,0,0,0,0.1003,0.6065,1
"Wyoming,WV",0,0,0,0,0,0,0,2.7183,2.7183,2.7183,2.7183,0,0,0,0,0,0,0,0,0,0,0,0,0,0,0,0,0,0,0,0,0,0,2.7265,0.0082,0,0,0,0,0,0,0,0,0
"Yakima,WA",0,0,0.0006,0,0,0,0.0351,0,2.7183,0,0,0,0,0,0,0,0,0,0,3.3816,6.0919,0,0,0,0,0,0,0,0,0,0,2.7183,0,0,0,0,0,0,0,0,0,0,0,0
"Yolo,CA",42.2902,0,1,0,0,0,18.74,0,2.7183,2.7183,3.3559,0.011,0,0.0474,0,0,0,2.7926,0,0,0,0,0,0,0,0,0,0,0,0,0,0,0,0,0,0,0,0,0,0,0,0,0,0
"York,PA",0,0.0024,0.0608,0,1.0152,0,0,0,0,0,0,1.8607,0,0,0,0,0,0,0.0024,0,0,8.4896,2.1783,0,0,0,0,0,0,0,0,0,0,0,0,0,0.86071.5114,0.0183,0,0,0,0,0,0
"York,VA",0,0,0,0,0,0,0,0,0,0,0,0,0,0,1,0,0,0.6376,0,0,0,0,0,0,0,1,0,0,0,0,0.2231,0,0,0,0,0,0,0,0,0,0,0,0,0
"Yuma,AZ",0,1.0994,0,0,0,0.1572,0,0.045,0,14.1076,0.4966,0,0.7597,0,1.4835,2.7183,0,0,0.5986,0,0,0,0,33.9833,0,0,0,0,0,0,0.0334,0,0,0.3329,0,0,0,0,0,10.0885,0,1.839,0,3.6231